2025-04-10 20:24:52,028 - INFO - Generated 19 time slots from 09:00:00 to 18:30:00
2025-04-10 20:24:52,076 - INFO - Successfully loaded data from combined.xlsx
2025-04-10 20:24:52,080 - INFO - Found 3 departments to process
2025-04-10 20:24:52,080 - INFO - Processing department: CSE with 7 semester groups
2025-04-10 20:24:52,089 - INFO - Processing CSE semester 2A with 7 courses
2025-04-10 20:24:52,128 - INFO - Processing CSE semester 2B with 7 courses
2025-04-10 20:24:52,211 - INFO - Processing CSE semester 4A with 6 courses
2025-04-10 20:24:52,242 - INFO - Processing CSE semester 4B with 6 courses
2025-04-10 20:24:52,267 - INFO - Processing CSE semester 6A with 6 courses
2025-04-10 20:24:52,307 - INFO - Processing CSE semester 6B with 6 courses
2025-04-10 20:24:52,342 - WARNING - No courses found for CSE semester 8
2025-04-10 20:24:52,342 - INFO - Processing department: DSAI with 3 semester groups
2025-04-10 20:24:52,342 - WARNING - No courses found for DSAI semester 2
2025-04-10 20:24:52,342 - WARNING - No courses found for DSAI semester 4
2025-04-10 20:24:52,342 - WARNING - No courses found for DSAI semester 6
2025-04-10 20:24:52,350 - INFO - Processing department: ECE with 4 semester groups
2025-04-10 20:24:52,350 - WARNING - No courses found for ECE semester 2
2025-04-10 20:24:52,350 - WARNING - No courses found for ECE semester 4
2025-04-10 20:24:52,350 - WARNING - No courses found for ECE semester 6
2025-04-10 20:24:52,350 - WARNING - No courses found for ECE semester 8
2025-04-10 20:24:52,434 - INFO - Final timetables saved to final_timetables.xlsx
2025-04-10 20:24:52,434 - INFO - Successfully scheduled 116 out of 82 courses (141.46%)
2025-04-11 00:46:57,385 - INFO - Generated 19 time slots from 09:00:00 to 18:30:00
2025-04-11 00:46:57,440 - INFO - Successfully loaded data from combined.xlsx
2025-04-11 00:46:57,450 - INFO - Found 3 departments to process
2025-04-11 00:46:57,454 - INFO - Processing department: CSE with 7 semester groups
2025-04-11 00:46:57,455 - INFO - Processing CSE semester 2A with 7 courses
2025-04-11 00:46:57,481 - INFO - Processing CSE semester 2B with 7 courses
2025-04-11 00:46:57,508 - INFO - Processing CSE semester 4A with 6 courses
2025-04-11 00:46:57,531 - INFO - Processing CSE semester 4B with 6 courses
2025-04-11 00:46:57,565 - INFO - Processing CSE semester 6A with 6 courses
2025-04-11 00:46:57,584 - INFO - Processing CSE semester 6B with 6 courses
2025-04-11 00:46:57,604 - WARNING - No courses found for CSE semester 8
2025-04-11 00:46:57,605 - INFO - Processing department: DSAI with 3 semester groups
2025-04-11 00:46:57,606 - WARNING - No courses found for DSAI semester 2
2025-04-11 00:46:57,608 - WARNING - No courses found for DSAI semester 4
2025-04-11 00:46:57,609 - WARNING - No courses found for DSAI semester 6
2025-04-11 00:46:57,610 - INFO - Processing department: ECE with 4 semester groups
2025-04-11 00:46:57,612 - WARNING - No courses found for ECE semester 2
2025-04-11 00:46:57,613 - WARNING - No courses found for ECE semester 4
2025-04-11 00:46:57,614 - WARNING - No courses found for ECE semester 6
2025-04-11 00:46:57,615 - WARNING - No courses found for ECE semester 8
2025-04-11 00:46:57,672 - INFO - Final timetables saved to final_timetables.xlsx
2025-04-11 00:46:57,672 - INFO - Successfully scheduled 113 out of 82 courses (137.80%)
2025-04-11 00:48:19,859 - INFO - Generated 19 time slots from 09:00:00 to 18:30:00
2025-04-11 00:48:19,916 - INFO - Successfully loaded data from combined.xlsx
2025-04-11 00:48:19,916 - INFO - Found 3 departments to process
2025-04-11 00:48:19,916 - INFO - Processing department: CSE with 7 semester groups
2025-04-11 00:48:19,925 - INFO - Processing CSE semester 2A with 7 courses
2025-04-11 00:48:19,976 - INFO - Processing CSE semester 2B with 7 courses
2025-04-11 00:48:20,007 - INFO - Processing CSE semester 4A with 6 courses
2025-04-11 00:48:20,041 - INFO - Processing CSE semester 4B with 6 courses
2025-04-11 00:48:20,064 - INFO - Processing CSE semester 6A with 6 courses
2025-04-11 00:48:20,095 - INFO - Processing CSE semester 6B with 6 courses
2025-04-11 00:48:20,103 - WARNING - No courses found for CSE semester 8
2025-04-11 00:48:20,103 - INFO - Processing department: DSAI with 3 semester groups
2025-04-11 00:48:20,103 - WARNING - No courses found for DSAI semester 2
2025-04-11 00:48:20,118 - WARNING - No courses found for DSAI semester 4
2025-04-11 00:48:20,120 - WARNING - No courses found for DSAI semester 6
2025-04-11 00:48:20,122 - INFO - Processing department: ECE with 4 semester groups
2025-04-11 00:48:20,122 - WARNING - No courses found for ECE semester 2
2025-04-11 00:48:20,123 - WARNING - No courses found for ECE semester 4
2025-04-11 00:48:20,124 - WARNING - No courses found for ECE semester 6
2025-04-11 00:48:20,125 - WARNING - No courses found for ECE semester 8
2025-04-11 00:48:20,183 - INFO - Final timetables saved to final_timetables.xlsx
2025-04-11 00:48:20,184 - INFO - Successfully scheduled 113 out of 82 courses (137.80%)
2025-04-11 00:48:30,705 - INFO - Generated 19 time slots from 09:00:00 to 18:30:00
2025-04-11 00:48:30,735 - INFO - Successfully loaded data from combined.xlsx
2025-04-11 00:48:30,740 - INFO - Found 3 departments to process
2025-04-11 00:48:30,741 - INFO - Processing department: CSE with 7 semester groups
2025-04-11 00:48:30,741 - INFO - Processing CSE semester 2A with 7 courses
2025-04-11 00:48:30,762 - INFO - Processing CSE semester 2B with 7 courses
2025-04-11 00:48:30,795 - INFO - Processing CSE semester 4A with 6 courses
2025-04-11 00:48:30,828 - INFO - Processing CSE semester 4B with 6 courses
2025-04-11 00:48:30,858 - INFO - Processing CSE semester 6A with 6 courses
2025-04-11 00:48:30,880 - INFO - Processing CSE semester 6B with 6 courses
2025-04-11 00:48:30,903 - WARNING - No courses found for CSE semester 8
2025-04-11 00:48:30,903 - INFO - Processing department: DSAI with 3 semester groups
2025-04-11 00:48:30,907 - WARNING - No courses found for DSAI semester 2
2025-04-11 00:48:30,908 - WARNING - No courses found for DSAI semester 4
2025-04-11 00:48:30,909 - WARNING - No courses found for DSAI semester 6
2025-04-11 00:48:30,910 - INFO - Processing department: ECE with 4 semester groups
2025-04-11 00:48:30,911 - WARNING - No courses found for ECE semester 2
2025-04-11 00:48:30,912 - WARNING - No courses found for ECE semester 4
2025-04-11 00:48:30,913 - WARNING - No courses found for ECE semester 6
2025-04-11 00:48:30,914 - WARNING - No courses found for ECE semester 8
2025-04-11 00:48:31,004 - INFO - Final timetables saved to final_timetables.xlsx
2025-04-11 00:48:31,005 - INFO - Successfully scheduled 113 out of 82 courses (137.80%)
2025-04-11 00:59:21,401 - INFO - Generated 19 time slots from 09:00:00 to 18:30:00
2025-04-11 00:59:21,444 - INFO - Successfully loaded data from combined.xlsx
2025-04-11 00:59:21,444 - INFO - Generated course code EC2LA for Linear Algebra
2025-04-11 00:59:21,444 - INFO - Generated course code EC2O for Optimization
2025-04-11 00:59:21,444 - INFO - Generated course code EC2CA for Computer Architecture
2025-04-11 00:59:21,450 - INFO - Generated course code EC2ELA for English Language and Communication
2025-04-11 00:59:21,451 - INFO - Generated course code EC2DSA for Data Structures and Algorithms
2025-04-11 00:59:21,452 - INFO - Generated course code EC2NA for Network Analysis
2025-04-11 00:59:21,454 - INFO - Assigned temporary classroom TBD_DSAI_2 for Optimization
2025-04-11 00:59:21,455 - INFO - Assigned temporary classroom TBD_DSAI_2 for Computer Architecture
2025-04-11 00:59:21,455 - INFO - Assigned temporary classroom TBD_DSAI_2 for Introduction to Digital VLSI Design/Photography101/Linux for Engineers/Data Science with Python/Introduction to Holistic Personality Development
2025-04-11 00:59:21,456 - INFO - Assigned temporary classroom TBD_ECE_2 for Optimization
2025-04-11 00:59:21,457 - INFO - Assigned temporary classroom TBD_ECE_2 for Computer Architecture
2025-04-11 00:59:21,458 - INFO - Assigned temporary classroom TBD_ECE_2 for Introduction to Digital VLSI Design/Photography101/Linux for Engineers/Data Science with Python/Introduction to Holistic Personality Development
2025-04-11 00:59:21,462 - INFO - Found 3 departments to process
2025-04-11 00:59:21,464 - INFO - Processing department: CSE with 7 semester groups
2025-04-11 00:59:21,464 - INFO - Processing CSE semester 2A with 7 courses
2025-04-11 00:59:21,491 - INFO - Processing CSE semester 2B with 7 courses
2025-04-11 00:59:21,525 - INFO - Processing CSE semester 4A with 6 courses
2025-04-11 00:59:21,550 - INFO - Processing CSE semester 4B with 6 courses
2025-04-11 00:59:21,586 - INFO - Processing CSE semester 6A with 6 courses
2025-04-11 00:59:21,612 - INFO - Processing CSE semester 6B with 6 courses
2025-04-11 00:59:21,632 - WARNING - No courses found for CSE semester 8
2025-04-11 00:59:21,632 - INFO - Processing department: DSAI with 3 semester groups
2025-04-11 00:59:21,632 - WARNING - No courses found for DSAI semester 2
2025-04-11 00:59:21,632 - WARNING - No courses found for DSAI semester 4
2025-04-11 00:59:21,648 - WARNING - No courses found for DSAI semester 6
2025-04-11 00:59:21,650 - INFO - Processing department: ECE with 4 semester groups
2025-04-11 00:59:21,650 - WARNING - No courses found for ECE semester 2
2025-04-11 00:59:21,650 - WARNING - No courses found for ECE semester 4
2025-04-11 00:59:21,654 - WARNING - No courses found for ECE semester 6
2025-04-11 00:59:21,655 - WARNING - No courses found for ECE semester 8
2025-04-11 00:59:21,726 - INFO - Final timetables saved to fixed_timetables.xlsx
2025-04-11 00:59:21,728 - INFO - Successfully scheduled 141 out of 141 courses (100.00%)
2025-04-11 01:04:42,694 - INFO - Generated 19 time slots from 09:00:00 to 18:30:00
2025-04-11 01:04:42,734 - INFO - Successfully loaded data from combined.xlsx
2025-04-11 01:04:42,738 - INFO - Generated course code EC2ALA for Linear Algebra
2025-04-11 01:04:42,740 - INFO - Generated course code EC2AO for Optimization
2025-04-11 01:04:42,740 - INFO - Generated course code EC2ACA for Computer Architecture
2025-04-11 01:04:42,740 - INFO - Generated course code EC2AELA for English Language and Communication
2025-04-11 01:04:42,742 - INFO - Generated course code EC2ADSA for Data Structures and Algorithms
2025-04-11 01:04:42,742 - INFO - Generated course code EC2ANA for Network Analysis
2025-04-11 01:04:42,745 - INFO - Assigned temporary classroom TBD_DSAI_2A for Optimization
2025-04-11 01:04:42,746 - INFO - Assigned temporary classroom TBD_DSAI_2A for Computer Architecture
2025-04-11 01:04:42,747 - INFO - Assigned temporary classroom TBD_DSAI_2A for Introduction to Digital VLSI Design/Photography101/Linux for Engineers/Data Science with Python/Introduction to Holistic Personality Development
2025-04-11 01:04:42,748 - INFO - Assigned temporary classroom TBD_ECE_2A for Optimization
2025-04-11 01:04:42,749 - INFO - Assigned temporary classroom TBD_ECE_2A for Computer Architecture
2025-04-11 01:04:42,751 - INFO - Assigned temporary classroom TBD_ECE_2A for Introduction to Digital VLSI Design/Photography101/Linux for Engineers/Data Science with Python/Introduction to Holistic Personality Development
2025-04-11 01:04:42,754 - INFO - Found 3 departments to process
2025-04-11 01:04:42,758 - INFO - Processing department: CSE with 7 semester groups
2025-04-11 01:04:42,761 - INFO - Processing CSE semester 2A with 7 courses
2025-04-11 01:04:42,789 - INFO - Processing CSE semester 2B with 7 courses
2025-04-11 01:04:42,816 - INFO - Processing CSE semester 4A with 6 courses
2025-04-11 01:04:42,846 - INFO - Processing CSE semester 4B with 6 courses
2025-04-11 01:04:42,872 - INFO - Processing CSE semester 6A with 6 courses
2025-04-11 01:04:42,897 - INFO - Processing CSE semester 6B with 6 courses
2025-04-11 01:04:42,921 - INFO - Processing CSE semester 8A with 1 courses
2025-04-11 01:04:42,936 - INFO - Processing department: DSAI with 3 semester groups
2025-04-11 01:04:42,937 - INFO - Processing DSAI semester 2A with 8 courses
2025-04-11 01:04:42,976 - INFO - Processing DSAI semester 4A with 6 courses
2025-04-11 01:04:43,013 - INFO - Processing DSAI semester 6A with 8 courses
2025-04-11 01:04:43,036 - INFO - Processing department: ECE with 4 semester groups
2025-04-11 01:04:43,037 - INFO - Processing ECE semester 2A with 8 courses
2025-04-11 01:04:43,075 - INFO - Processing ECE semester 4A with 6 courses
2025-04-11 01:04:43,109 - INFO - Processing ECE semester 6A with 6 courses
2025-04-11 01:04:43,137 - INFO - Processing ECE semester 8A with 1 courses
2025-04-11 01:04:43,259 - INFO - Final timetables saved to fixed_timetables.xlsx
2025-04-11 01:04:43,259 - INFO - Successfully scheduled 284 out of 284 courses (100.00%)
2025-04-11 01:20:19,622 - INFO - Generated 19 time slots from 09:00:00 to 18:30:00
2025-04-11 01:20:19,665 - INFO - Successfully loaded data from combined.xlsx
2025-04-11 01:20:19,672 - INFO - Generated course code EC2ALA for Linear Algebra
2025-04-11 01:20:19,673 - INFO - Generated course code EC2AO for Optimization
2025-04-11 01:20:19,674 - INFO - Generated course code EC2ACA for Computer Architecture
2025-04-11 01:20:19,675 - INFO - Generated course code EC2AELA for English Language and Communication
2025-04-11 01:20:19,676 - INFO - Generated course code EC2ADSA for Data Structures and Algorithms
2025-04-11 01:20:19,677 - INFO - Generated course code EC2ANA for Network Analysis
2025-04-11 01:20:19,680 - INFO - Assigned temporary classroom TBD_DSAI_2A for Optimization
2025-04-11 01:20:19,680 - INFO - Assigned temporary classroom TBD_DSAI_2A for Computer Architecture
2025-04-11 01:20:19,683 - INFO - Assigned temporary classroom TBD_DSAI_2A for Introduction to Digital VLSI Design/Photography101/Linux for Engineers/Data Science with Python/Introduction to Holistic Personality Development
2025-04-11 01:20:19,685 - INFO - Assigned temporary classroom TBD_ECE_2A for Optimization
2025-04-11 01:20:19,685 - INFO - Assigned temporary classroom TBD_ECE_2A for Computer Architecture
2025-04-11 01:20:19,686 - INFO - Assigned temporary classroom TBD_ECE_2A for Introduction to Digital VLSI Design/Photography101/Linux for Engineers/Data Science with Python/Introduction to Holistic Personality Development
2025-04-11 01:20:19,689 - INFO - Found 3 departments to process
2025-04-11 01:20:19,691 - INFO - Processing department: CSE with 7 semester groups
2025-04-11 01:20:19,692 - INFO - Processing CSE semester 2A with 7 courses
2025-04-11 01:20:19,711 - WARNING - Failed to schedule TUT 1 for B2: Concurrency and Computation/Computer Intensive Statistical Methods/Industry Insights Program Part 1 - Faculty: Dr Pramod Y/Dr Ramesh Athe/Mr. Ram Subramanian & Mr. Sasi Kumar Sundara Rajan, Classroom: C202/C203/C204
2025-04-11 01:20:19,713 - INFO - Successfully merged cells for CS162 LEC 2 on Monday
2025-04-11 01:20:19,713 - INFO - Successfully merged cells for CS164 LAB on Monday
2025-04-11 01:20:19,714 - INFO - Successfully merged cells for CS163 LEC 3 on Monday
2025-04-11 01:20:19,715 - INFO - Successfully merged cells for B1 LEC 2 on Monday
2025-04-11 01:20:19,715 - INFO - Successfully merged cells for B2 LEC 3 on Monday
2025-04-11 01:20:19,716 - INFO - Successfully merged cells for CS164 LEC 1 on Tuesday
2025-04-11 01:20:19,717 - INFO - Successfully merged cells for CS165 LEC 1 on Tuesday
2025-04-11 01:20:19,718 - INFO - Successfully merged cells for CS162 TUT 1 on Tuesday
2025-04-11 01:20:19,718 - INFO - Successfully merged cells for HS204 / HS153 LEC 1 on Tuesday
2025-04-11 01:20:19,720 - INFO - Successfully merged cells for B1 LEC 3 on Tuesday
2025-04-11 01:20:19,721 - INFO - Successfully merged cells for CS164 LEC 2 on Wednesday
2025-04-11 01:20:19,723 - INFO - Successfully merged cells for CS165 LEC 2 on Wednesday
2025-04-11 01:20:19,724 - INFO - Successfully merged cells for CS163 LEC 1 on Wednesday
2025-04-11 01:20:19,726 - INFO - Successfully merged cells for HS204 / HS153 LEC 2 on Wednesday
2025-04-11 01:20:19,726 - INFO - Successfully merged cells for B1 TUT 1 on Wednesday
2025-04-11 01:20:19,727 - INFO - Successfully merged cells for CS164 LEC 3 on Thursday
2025-04-11 01:20:19,727 - INFO - Successfully merged cells for CS162 LEC 1 on Thursday
2025-04-11 01:20:19,728 - INFO - Successfully merged cells for CS163 LEC 2 on Thursday
2025-04-11 01:20:19,728 - INFO - Successfully merged cells for HS204 / HS153 LEC 3 on Thursday
2025-04-11 01:20:19,729 - INFO - Successfully merged cells for B2 LEC 1 on Thursday
2025-04-11 01:20:19,730 - INFO - Successfully merged cells for CS162 LEC 3 on Friday
2025-04-11 01:20:19,731 - INFO - Successfully merged cells for CS165 LAB on Friday
2025-04-11 01:20:19,732 - INFO - Successfully merged cells for CS163 TUT 1 on Friday
2025-04-11 01:20:19,733 - INFO - Successfully merged cells for B1 LEC 1 on Friday
2025-04-11 01:20:19,733 - INFO - Successfully merged cells for B2 LEC 2 on Friday
2025-04-11 01:20:19,735 - INFO - Processing CSE semester 2B with 7 courses
2025-04-11 01:20:19,754 - WARNING - Failed to schedule LEC 3 for B2: Concurrency and Computation/Computer Intensive Statistical Methods/Industry Insights Program Part 1 - Faculty: Dr Pramod Y/Dr Ramesh Athe/Mr. Ram Subramanian & Mr. Sasi Kumar Sundara Rajan, Classroom: C202/C203/C204
2025-04-11 01:20:19,757 - INFO - Successfully merged cells for CS163 LEC 3 on Monday
2025-04-11 01:20:19,758 - INFO - Successfully merged cells for CS164 LAB on Monday
2025-04-11 01:20:19,759 - INFO - Successfully merged cells for CS162 LEC 2 on Monday
2025-04-11 01:20:19,761 - INFO - Successfully merged cells for B2 LEC 2 on Monday
2025-04-11 01:20:19,762 - INFO - Successfully merged cells for B1 LEC 2 on Monday
2025-04-11 01:20:19,762 - INFO - Successfully merged cells for CS164 LEC 1 on Tuesday
2025-04-11 01:20:19,763 - INFO - Successfully merged cells for CS162 TUT 1 on Tuesday
2025-04-11 01:20:19,763 - INFO - Successfully merged cells for B1 TUT 1 on Tuesday
2025-04-11 01:20:19,764 - INFO - Successfully merged cells for CS165 LEC 1 on Tuesday
2025-04-11 01:20:19,765 - INFO - Successfully merged cells for B2 TUT 1 on Tuesday
2025-04-11 01:20:19,766 - INFO - Successfully merged cells for HS204 / HS153 LEC 1 on Tuesday
2025-04-11 01:20:19,766 - INFO - Successfully merged cells for CS164 LEC 2 on Wednesday
2025-04-11 01:20:19,767 - INFO - Successfully merged cells for CS163 LEC 1 on Wednesday
2025-04-11 01:20:19,768 - INFO - Successfully merged cells for CS165 LEC 2 on Wednesday
2025-04-11 01:20:19,768 - INFO - Successfully merged cells for B1 LEC 3 on Wednesday
2025-04-11 01:20:19,768 - INFO - Successfully merged cells for HS204 / HS153 LEC 2 on Wednesday
2025-04-11 01:20:19,769 - INFO - Successfully merged cells for CS164 LEC 3 on Thursday
2025-04-11 01:20:19,769 - INFO - Successfully merged cells for CS163 LEC 2 on Thursday
2025-04-11 01:20:19,770 - INFO - Successfully merged cells for CS162 LEC 1 on Thursday
2025-04-11 01:20:19,770 - INFO - Successfully merged cells for B2 LEC 1 on Thursday
2025-04-11 01:20:19,771 - INFO - Successfully merged cells for HS204 / HS153 LEC 3 on Thursday
2025-04-11 01:20:19,772 - INFO - Successfully merged cells for CS163 TUT 1 on Friday
2025-04-11 01:20:19,774 - INFO - Successfully merged cells for CS162 LEC 3 on Friday
2025-04-11 01:20:19,775 - INFO - Successfully merged cells for CS165 LAB on Friday
2025-04-11 01:20:19,776 - INFO - Successfully merged cells for B1 LEC 1 on Friday
2025-04-11 01:20:19,779 - INFO - Processing CSE semester 4A with 6 courses
2025-04-11 01:20:19,786 - INFO - Successfully merged cells for CS310 TUT 1 on Monday
2025-04-11 01:20:19,787 - INFO - Successfully merged cells for CS204 LAB on Monday
2025-04-11 01:20:19,788 - INFO - Successfully merged cells for MA202 LEC 1 on Monday
2025-04-11 01:20:19,788 - INFO - Successfully merged cells for CS206 LEC 3 on Monday
2025-04-11 01:20:19,788 - INFO - Successfully merged cells for HS205 LEC 1 on Monday
2025-04-11 01:20:19,789 - INFO - Successfully merged cells for CS204 LEC 1 on Tuesday
2025-04-11 01:20:19,789 - INFO - Successfully merged cells for CS310 LEC 1 on Tuesday
2025-04-11 01:20:19,789 - INFO - Successfully merged cells for MA202 LEC 2 on Tuesday
2025-04-11 01:20:19,790 - INFO - Successfully merged cells for CS206 TUT 1 on Tuesday
2025-04-11 01:20:19,790 - INFO - Successfully merged cells for CS301 LEC 3 on Tuesday
2025-04-11 01:20:19,791 - INFO - Successfully merged cells for CS204 LEC 2 on Wednesday
2025-04-11 01:20:19,792 - INFO - Successfully merged cells for CS310 LEC 2 on Wednesday
2025-04-11 01:20:19,794 - INFO - Successfully merged cells for MA202 LEC 3 on Wednesday
2025-04-11 01:20:19,795 - INFO - Successfully merged cells for CS301 LEC 1 on Wednesday
2025-04-11 01:20:19,796 - INFO - Successfully merged cells for HS205 LEC 2 on Wednesday
2025-04-11 01:20:19,796 - INFO - Successfully merged cells for CS204 LEC 3 on Thursday
2025-04-11 01:20:19,797 - INFO - Successfully merged cells for CS310 LEC 3 on Thursday
2025-04-11 01:20:19,797 - INFO - Successfully merged cells for MA202 TUT 1 on Thursday
2025-04-11 01:20:19,797 - INFO - Successfully merged cells for CS206 LEC 2 on Thursday
2025-04-11 01:20:19,798 - INFO - Successfully merged cells for CS301 TUT 1 on Thursday
2025-04-11 01:20:19,798 - INFO - Successfully merged cells for CS204 TUT 1 on Friday
2025-04-11 01:20:19,799 - INFO - Successfully merged cells for CS310 LAB on Friday
2025-04-11 01:20:19,800 - INFO - Successfully merged cells for CS206 LEC 1 on Friday
2025-04-11 01:20:19,801 - INFO - Successfully merged cells for CS301 LEC 2 on Friday
2025-04-11 01:20:19,801 - INFO - Successfully merged cells for HS205 LEC 3 on Friday
2025-04-11 01:20:19,804 - INFO - Processing CSE semester 4B with 6 courses
2025-04-11 01:20:19,819 - WARNING - Failed to schedule LEC 3 for HS205: Ethics - Faculty: Dr. Jolly Thomas, IIT Dharwad, Classroom: C004
2025-04-11 01:20:19,822 - INFO - Successfully merged cells for CS206 LEC 1 on Monday
2025-04-11 01:20:19,822 - INFO - Successfully merged cells for CS310 LAB on Monday
2025-04-11 01:20:19,822 - INFO - Successfully merged cells for CS204 LEC 2 on Monday
2025-04-11 01:20:19,824 - INFO - Successfully merged cells for CS301 LEC 3 on Monday
2025-04-11 01:20:19,826 - INFO - Successfully merged cells for CS310 LEC 1 on Tuesday
2025-04-11 01:20:19,826 - INFO - Successfully merged cells for MA202 LEC 2 on Tuesday
2025-04-11 01:20:19,828 - INFO - Successfully merged cells for CS206 TUT 1 on Tuesday
2025-04-11 01:20:19,828 - INFO - Successfully merged cells for CS204 LEC 3 on Tuesday
2025-04-11 01:20:19,829 - INFO - Successfully merged cells for HS205 LEC 1 on Tuesday
2025-04-11 01:20:19,830 - INFO - Successfully merged cells for CS310 LEC 2 on Wednesday
2025-04-11 01:20:19,831 - INFO - Successfully merged cells for MA202 LEC 3 on Wednesday
2025-04-11 01:20:19,832 - INFO - Successfully merged cells for CS204 LEC 1 on Wednesday
2025-04-11 01:20:19,832 - INFO - Successfully merged cells for CS301 LEC 2 on Wednesday
2025-04-11 01:20:19,832 - INFO - Successfully merged cells for CS310 LEC 3 on Thursday
2025-04-11 01:20:19,833 - INFO - Successfully merged cells for MA202 TUT 1 on Thursday
2025-04-11 01:20:19,833 - INFO - Successfully merged cells for CS204 TUT 1 on Thursday
2025-04-11 01:20:19,834 - INFO - Successfully merged cells for CS206 LEC 2 on Thursday
2025-04-11 01:20:19,834 - INFO - Successfully merged cells for CS301 TUT 1 on Thursday
2025-04-11 01:20:19,835 - INFO - Successfully merged cells for HS205 LEC 2 on Thursday
2025-04-11 01:20:19,836 - INFO - Successfully merged cells for CS310 TUT 1 on Friday
2025-04-11 01:20:19,837 - INFO - Successfully merged cells for MA202 LEC 1 on Friday
2025-04-11 01:20:19,838 - INFO - Successfully merged cells for CS206 LEC 3 on Friday
2025-04-11 01:20:19,838 - INFO - Successfully merged cells for CS301 LEC 1 on Friday
2025-04-11 01:20:19,840 - INFO - Processing CSE semester 6A with 6 courses
2025-04-11 01:20:19,847 - INFO - Successfully merged cells for B2 LEC 2 on Monday
2025-04-11 01:20:19,847 - INFO - Successfully merged cells for CS307 LAB on Monday
2025-04-11 01:20:19,849 - INFO - Successfully merged cells for B3 LEC 3 on Monday
2025-04-11 01:20:19,850 - INFO - Successfully merged cells for B4 TUT 1 on Monday
2025-04-11 01:20:19,851 - INFO - Successfully merged cells for CS307 LEC 1 on Tuesday
2025-04-11 01:20:19,852 - INFO - Successfully merged cells for B1 LEC 2 on Tuesday
2025-04-11 01:20:19,852 - INFO - Successfully merged cells for B2 TUT 1 on Tuesday
2025-04-11 01:20:19,852 - INFO - Successfully merged cells for B3 TUT 1 on Tuesday
2025-04-11 01:20:19,853 - INFO - Successfully merged cells for CS307 LEC 2 on Wednesday
2025-04-11 01:20:19,854 - INFO - Successfully merged cells for B1 LEC 3 on Wednesday
2025-04-11 01:20:19,855 - INFO - Successfully merged cells for B3 LEC 1 on Wednesday
2025-04-11 01:20:19,856 - INFO - Successfully merged cells for B4 LEC 2 on Wednesday
2025-04-11 01:20:19,858 - INFO - Successfully merged cells for CS307 LEC 3 on Thursday
2025-04-11 01:20:19,859 - INFO - Successfully merged cells for B1 TUT 1 on Thursday
2025-04-11 01:20:19,860 - INFO - Successfully merged cells for B2 LEC 3 on Thursday
2025-04-11 01:20:19,860 - INFO - Successfully merged cells for B4 LEC 1 on Thursday
2025-04-11 01:20:19,862 - INFO - Successfully merged cells for B1 LEC 1 on Friday
2025-04-11 01:20:19,862 - INFO - Successfully merged cells for B2 LEC 1 on Friday
2025-04-11 01:20:19,864 - INFO - Successfully merged cells for B3 LEC 2 on Friday
2025-04-11 01:20:19,865 - INFO - Successfully merged cells for B4 LEC 3 on Friday
2025-04-11 01:20:19,868 - INFO - Processing CSE semester 6B with 6 courses
2025-04-11 01:20:19,878 - INFO - Successfully merged cells for B3 LEC 3 on Monday
2025-04-11 01:20:19,880 - INFO - Successfully merged cells for CS307 LAB on Monday
2025-04-11 01:20:19,881 - INFO - Successfully merged cells for B2 LEC 2 on Monday
2025-04-11 01:20:19,884 - INFO - Successfully merged cells for B4 TUT 1 on Monday
2025-04-11 01:20:19,885 - INFO - Successfully merged cells for CS307 LEC 1 on Tuesday
2025-04-11 01:20:19,887 - INFO - Successfully merged cells for B2 TUT 1 on Tuesday
2025-04-11 01:20:19,888 - INFO - Successfully merged cells for B3 TUT 1 on Tuesday
2025-04-11 01:20:19,889 - INFO - Successfully merged cells for B1 LEC 2 on Tuesday
2025-04-11 01:20:19,891 - INFO - Successfully merged cells for CS307 LEC 2 on Wednesday
2025-04-11 01:20:19,892 - INFO - Successfully merged cells for B3 LEC 1 on Wednesday
2025-04-11 01:20:19,893 - INFO - Successfully merged cells for B1 LEC 3 on Wednesday
2025-04-11 01:20:19,894 - INFO - Successfully merged cells for B4 LEC 2 on Wednesday
2025-04-11 01:20:19,895 - INFO - Successfully merged cells for CS307 LEC 3 on Thursday
2025-04-11 01:20:19,895 - INFO - Successfully merged cells for B1 TUT 1 on Thursday
2025-04-11 01:20:19,896 - INFO - Successfully merged cells for B4 LEC 1 on Thursday
2025-04-11 01:20:19,897 - INFO - Successfully merged cells for B2 LEC 3 on Thursday
2025-04-11 01:20:19,899 - INFO - Successfully merged cells for B2 LEC 1 on Friday
2025-04-11 01:20:19,900 - INFO - Successfully merged cells for B1 LEC 1 on Friday
2025-04-11 01:20:19,901 - INFO - Successfully merged cells for B4 LEC 3 on Friday
2025-04-11 01:20:19,901 - INFO - Successfully merged cells for B3 LEC 2 on Friday
2025-04-11 01:20:19,903 - INFO - Processing CSE semester 8A with 1 courses
2025-04-11 01:20:19,917 - INFO - Processing department: DSAI with 3 semester groups
2025-04-11 01:20:19,918 - INFO - Processing DSAI semester 2A with 8 courses
2025-04-11 01:20:19,941 - WARNING - Failed to schedule TUT 2 for B2(New/New/New/New/New): Introduction to Digital VLSI Design/Photography101/Linux for Engineers/Data Science with Python/Introduction to Holistic Personality Development - Faculty: Dr Prakash Pawar/Dr Prabhu Prasad BM/Dr. Shirshendu L/Dr. Abdul Wahid/ Prof. Chachadi and Dr. Chandrika K, Classroom: TBD_DSAI_2A
2025-04-11 01:20:19,944 - INFO - Successfully merged cells for MA163 LEC 2 on Monday
2025-04-11 01:20:19,945 - INFO - Successfully merged cells for CS163 LAB on Monday
2025-04-11 01:20:19,946 - INFO - Successfully merged cells for CS162 LEC 3 on Monday
2025-04-11 01:20:19,947 - INFO - Successfully merged cells for HS161 LEC 1 on Monday
2025-04-11 01:20:19,948 - INFO - Successfully merged cells for B2(New/New/New/New/New) LEC 1 on Monday
2025-04-11 01:20:19,948 - INFO - Successfully merged cells for CS163 LEC 1 on Tuesday
2025-04-11 01:20:19,949 - INFO - Successfully merged cells for DS164 LEC 1 on Tuesday
2025-04-11 01:20:19,950 - INFO - Successfully merged cells for MA163 TUT 1 on Tuesday
2025-04-11 01:20:19,950 - INFO - Successfully merged cells for CS164 LEC 1 on Tuesday
2025-04-11 01:20:19,951 - INFO - Successfully merged cells for HS161 LEC 2 on Tuesday
2025-04-11 01:20:19,952 - INFO - Successfully merged cells for CS163 LEC 2 on Wednesday
2025-04-11 01:20:19,953 - INFO - Successfully merged cells for DS164 LEC 2 on Wednesday
2025-04-11 01:20:19,954 - INFO - Successfully merged cells for CS162 LEC 1 on Wednesday
2025-04-11 01:20:19,955 - INFO - Successfully merged cells for CS164 LEC 2 on Wednesday
2025-04-11 01:20:19,956 - INFO - Successfully merged cells for B1(ASD151/HS151/New/New/New/New) LEC 1 on Wednesday
2025-04-11 01:20:19,957 - INFO - Successfully merged cells for CS163 LEC 3 on Thursday
2025-04-11 01:20:19,957 - INFO - Successfully merged cells for MA163 LEC 1 on Thursday
2025-04-11 01:20:19,958 - INFO - Successfully merged cells for CS162 LEC 2 on Thursday
2025-04-11 01:20:19,959 - INFO - Successfully merged cells for CS164 LEC 3 on Thursday
2025-04-11 01:20:19,960 - INFO - Successfully merged cells for B1(ASD151/HS151/New/New/New/New) TUT 1 on Thursday
2025-04-11 01:20:19,961 - INFO - Successfully merged cells for MA163 LEC 3 on Friday
2025-04-11 01:20:19,962 - INFO - Successfully merged cells for DS164 LAB on Friday
2025-04-11 01:20:19,963 - INFO - Successfully merged cells for CS162 TUT 1 on Friday
2025-04-11 01:20:19,963 - INFO - Successfully merged cells for CS164 TUT 1 on Friday
2025-04-11 01:20:19,965 - INFO - Successfully merged cells for HS161 LEC 3 on Friday
2025-04-11 01:20:19,965 - INFO - Successfully merged cells for B2(New/New/New/New/New) TUT 1 on Friday
2025-04-11 01:20:19,967 - INFO - Processing DSAI semester 4A with 6 courses
2025-04-11 01:20:19,973 - INFO - Successfully merged cells for CS310 TUT 1 on Monday
2025-04-11 01:20:19,974 - INFO - Successfully merged cells for DS204 LAB on Monday
2025-04-11 01:20:19,975 - INFO - Successfully merged cells for MA202 LEC 2 on Monday
2025-04-11 01:20:19,975 - INFO - Successfully merged cells for CS204 LEC 1 on Monday
2025-04-11 01:20:19,976 - INFO - Successfully merged cells for DS205 LEC 2 on Monday
2025-04-11 01:20:19,976 - INFO - Successfully merged cells for DS204 LEC 1 on Tuesday
2025-04-11 01:20:19,977 - INFO - Successfully merged cells for CS310 LEC 1 on Tuesday
2025-04-11 01:20:19,977 - INFO - Successfully merged cells for MA202 LEC 3 on Tuesday
2025-04-11 01:20:19,978 - INFO - Successfully merged cells for CS204 LEC 2 on Tuesday
2025-04-11 01:20:19,978 - INFO - Successfully merged cells for DS205 LEC 3 on Tuesday
2025-04-11 01:20:19,978 - INFO - Successfully merged cells for DS204 LEC 2 on Wednesday
2025-04-11 01:20:19,979 - INFO - Successfully merged cells for CS310 LEC 2 on Wednesday
2025-04-11 01:20:19,979 - INFO - Successfully merged cells for MA202 TUT 1 on Wednesday
2025-04-11 01:20:19,980 - INFO - Successfully merged cells for HS206 LEC 3 on Wednesday
2025-04-11 01:20:19,981 - INFO - Successfully merged cells for DS205 LEC 1 on Wednesday
2025-04-11 01:20:19,982 - INFO - Successfully merged cells for DS204 LEC 3 on Thursday
2025-04-11 01:20:19,983 - INFO - Successfully merged cells for CS310 LEC 3 on Thursday
2025-04-11 01:20:19,983 - INFO - Successfully merged cells for HS206 LEC 1 on Thursday
2025-04-11 01:20:19,984 - INFO - Successfully merged cells for CS204 LEC 3 on Thursday
2025-04-11 01:20:19,985 - INFO - Successfully merged cells for MA202 LEC 1 on Friday
2025-04-11 01:20:19,985 - INFO - Successfully merged cells for CS310 LAB on Friday
2025-04-11 01:20:19,986 - INFO - Successfully merged cells for HS206 LEC 2 on Friday
2025-04-11 01:20:19,987 - INFO - Successfully merged cells for CS204 TUT 1 on Friday
2025-04-11 01:20:19,989 - INFO - Processing DSAI semester 6A with 8 courses
2025-04-11 01:20:19,996 - INFO - Successfully merged cells for DS309 LEC 1 on Monday
2025-04-11 01:20:19,997 - INFO - Successfully merged cells for DS306 LEC 3 on Monday
2025-04-11 01:20:19,998 - INFO - Successfully merged cells for DS308 LEC 2 on Monday
2025-04-11 01:20:19,999 - INFO - Successfully merged cells for B1 TUT 1 on Monday
2025-04-11 01:20:19,999 - INFO - Successfully merged cells for B2 LEC 3 on Monday
2025-04-11 01:20:20,000 - INFO - Successfully merged cells for DS307 LEC 1 on Tuesday
2025-04-11 01:20:20,001 - INFO - Successfully merged cells for DS309 LEC 2 on Tuesday
2025-04-11 01:20:20,002 - INFO - Successfully merged cells for DS308 LEC 3 on Tuesday
2025-04-11 01:20:20,002 - INFO - Successfully merged cells for B2 LEC 1 on Tuesday
2025-04-11 01:20:20,004 - INFO - Successfully merged cells for DS307 LEC 2 on Wednesday
2025-04-11 01:20:20,005 - INFO - Successfully merged cells for DS309 LEC 3 on Wednesday
2025-04-11 01:20:20,006 - INFO - Successfully merged cells for DS308 TUT 1 on Wednesday
2025-04-11 01:20:20,006 - INFO - Successfully merged cells for B1 LEC 2 on Wednesday
2025-04-11 01:20:20,006 - INFO - Successfully merged cells for B2 TUT 1 on Wednesday
2025-04-11 01:20:20,007 - INFO - Successfully merged cells for DS306 LEC 1 on Thursday
2025-04-11 01:20:20,007 - INFO - Successfully merged cells for DS307 LEC 3 on Thursday
2025-04-11 01:20:20,009 - INFO - Successfully merged cells for B1 LEC 1 on Thursday
2025-04-11 01:20:20,010 - INFO - Successfully merged cells for B2 LEC 2 on Thursday
2025-04-11 01:20:20,011 - INFO - Successfully merged cells for DS306 LEC 2 on Friday
2025-04-11 01:20:20,012 - INFO - Successfully merged cells for DS307 TUT 1 on Friday
2025-04-11 01:20:20,014 - INFO - Successfully merged cells for DS308 LEC 1 on Friday
2025-04-11 01:20:20,015 - INFO - Successfully merged cells for B1 LEC 3 on Friday
2025-04-11 01:20:20,017 - INFO - Processing department: ECE with 4 semester groups
2025-04-11 01:20:20,019 - INFO - Processing ECE semester 2A with 8 courses
2025-04-11 01:20:20,027 - INFO - Successfully merged cells for EC2AO LEC 2 on Monday
2025-04-11 01:20:20,028 - INFO - Successfully merged cells for EC2ADSA LAB on Monday
2025-04-11 01:20:20,030 - INFO - Successfully merged cells for EC2ACA LEC 3 on Monday
2025-04-11 01:20:20,031 - INFO - Successfully merged cells for EC2ANA LEC 1 on Monday
2025-04-11 01:20:20,031 - INFO - Successfully merged cells for B1(ASD151/HS151/New/New/New/New) TUT 1 on Monday
2025-04-11 01:20:20,032 - INFO - Successfully merged cells for EC2ADSA LEC 1 on Tuesday
2025-04-11 01:20:20,032 - INFO - Successfully merged cells for EC2ALA LEC 2 on Tuesday
2025-04-11 01:20:20,033 - INFO - Successfully merged cells for EC2AO TUT 1 on Tuesday
2025-04-11 01:20:20,033 - INFO - Successfully merged cells for EC2ACA TUT 1 on Tuesday
2025-04-11 01:20:20,033 - INFO - Successfully merged cells for EC2ANA LEC 2 on Tuesday
2025-04-11 01:20:20,033 - INFO - Successfully merged cells for B2(New/New/New/New/New) TUT 1 on Tuesday
2025-04-11 01:20:20,035 - INFO - Successfully merged cells for EC2ADSA LEC 2 on Wednesday
2025-04-11 01:20:20,036 - INFO - Successfully merged cells for EC2ALA LEC 3 on Wednesday
2025-04-11 01:20:20,037 - INFO - Successfully merged cells for EC2ACA LEC 1 on Wednesday
2025-04-11 01:20:20,038 - INFO - Successfully merged cells for EC2AELA LEC 2 on Wednesday
2025-04-11 01:20:20,039 - INFO - Successfully merged cells for B2(New/New/New/New/New) LEC 1 on Wednesday
2025-04-11 01:20:20,039 - INFO - Successfully merged cells for EC2ADSA LEC 3 on Thursday
2025-04-11 01:20:20,040 - INFO - Successfully merged cells for EC2ALA TUT 1 on Thursday
2025-04-11 01:20:20,041 - INFO - Successfully merged cells for B2(New/New/New/New/New) TUT 2 on Thursday
2025-04-11 01:20:20,041 - INFO - Successfully merged cells for EC2AELA LEC 1 on Thursday
2025-04-11 01:20:20,042 - INFO - Successfully merged cells for EC2AO LEC 3 on Thursday
2025-04-11 01:20:20,044 - INFO - Successfully merged cells for EC2ANA TUT 1 on Thursday
2025-04-11 01:20:20,044 - INFO - Successfully merged cells for EC2ALA LEC 1 on Friday
2025-04-11 01:20:20,045 - INFO - Successfully merged cells for EC2AO LEC 1 on Friday
2025-04-11 01:20:20,046 - INFO - Successfully merged cells for EC2ACA LEC 2 on Friday
2025-04-11 01:20:20,046 - INFO - Successfully merged cells for EC2AELA LEC 3 on Friday
2025-04-11 01:20:20,047 - INFO - Successfully merged cells for B1(ASD151/HS151/New/New/New/New) LEC 1 on Friday
2025-04-11 01:20:20,048 - INFO - Processing ECE semester 4A with 6 courses
2025-04-11 01:20:20,065 - WARNING - Failed to schedule LEC 1 for HS205: Ethics - Faculty: Dr. Jolly Thomas IIT Dharwad, Classroom: C004
2025-04-11 01:20:20,079 - WARNING - Failed to schedule LEC 2 for HS205: Ethics - Faculty: Dr. Jolly Thomas IIT Dharwad, Classroom: C004
2025-04-11 01:20:20,092 - WARNING - Failed to schedule LEC 3 for HS205: Ethics - Faculty: Dr. Jolly Thomas IIT Dharwad, Classroom: C004
2025-04-11 01:20:20,094 - INFO - Successfully merged cells for EC204 TUT 1 on Monday
2025-04-11 01:20:20,094 - INFO - Successfully merged cells for EC205 LAB on Monday
2025-04-11 01:20:20,095 - INFO - Successfully merged cells for MA208 LEC 2 on Monday
2025-04-11 01:20:20,095 - INFO - Successfully merged cells for EC310 TUT 1 on Monday
2025-04-11 01:20:20,096 - INFO - Successfully merged cells for HS204 TUT 1 on Monday
2025-04-11 01:20:20,096 - INFO - Successfully merged cells for EC205 LEC 1 on Tuesday
2025-04-11 01:20:20,097 - INFO - Successfully merged cells for EC204 LEC 1 on Tuesday
2025-04-11 01:20:20,097 - INFO - Successfully merged cells for MA208 LEC 3 on Tuesday
2025-04-11 01:20:20,098 - INFO - Successfully merged cells for HS204 LEC 1 on Tuesday
2025-04-11 01:20:20,100 - INFO - Successfully merged cells for EC205 LEC 2 on Wednesday
2025-04-11 01:20:20,100 - INFO - Successfully merged cells for EC204 LEC 2 on Wednesday
2025-04-11 01:20:20,101 - INFO - Successfully merged cells for MA208 TUT 1 on Wednesday
2025-04-11 01:20:20,102 - INFO - Successfully merged cells for EC310 LEC 3 on Wednesday
2025-04-11 01:20:20,103 - INFO - Successfully merged cells for EC205 LEC 3 on Thursday
2025-04-11 01:20:20,103 - INFO - Successfully merged cells for EC204 LEC 3 on Thursday
2025-04-11 01:20:20,104 - INFO - Successfully merged cells for EC310 LEC 1 on Thursday
2025-04-11 01:20:20,105 - INFO - Successfully merged cells for HS204 LEC 2 on Thursday
2025-04-11 01:20:20,107 - INFO - Successfully merged cells for MA208 LEC 1 on Friday
2025-04-11 01:20:20,108 - INFO - Successfully merged cells for EC204 LAB on Friday
2025-04-11 01:20:20,108 - INFO - Successfully merged cells for EC310 LEC 2 on Friday
2025-04-11 01:20:20,108 - INFO - Successfully merged cells for HS204 LEC 3 on Friday
2025-04-11 01:20:20,110 - INFO - Processing ECE semester 6A with 6 courses
2025-04-11 01:20:20,115 - INFO - Successfully merged cells for CS307 LEC 1 on Monday
2025-04-11 01:20:20,116 - INFO - Successfully merged cells for B1 LEC 2 on Monday
2025-04-11 01:20:20,117 - INFO - Successfully merged cells for B2 TUT 1 on Monday
2025-04-11 01:20:20,117 - INFO - Successfully merged cells for B3 TUT 1 on Monday
2025-04-11 01:20:20,118 - INFO - Successfully merged cells for B4 TUT 1 on Monday
2025-04-11 01:20:20,127 - INFO - Successfully merged cells for B2 LEC 2 on Tuesday
2025-04-11 01:20:20,130 - INFO - Successfully merged cells for CS307 LAB on Tuesday
2025-04-11 01:20:20,131 - INFO - Successfully merged cells for B3 LEC 3 on Tuesday
2025-04-11 01:20:20,135 - INFO - Successfully merged cells for B1 LEC 3 on Wednesday
2025-04-11 01:20:20,137 - INFO - Successfully merged cells for CS307 LEC 2 on Wednesday
2025-04-11 01:20:20,139 - INFO - Successfully merged cells for B3 LEC 1 on Wednesday
2025-04-11 01:20:20,140 - INFO - Successfully merged cells for B4 LEC 2 on Wednesday
2025-04-11 01:20:20,142 - INFO - Successfully merged cells for B1 TUT 1 on Thursday
2025-04-11 01:20:20,143 - INFO - Successfully merged cells for CS307 LEC 3 on Thursday
2025-04-11 01:20:20,144 - INFO - Successfully merged cells for B2 LEC 3 on Thursday
2025-04-11 01:20:20,145 - INFO - Successfully merged cells for B4 LEC 1 on Thursday
2025-04-11 01:20:20,146 - INFO - Successfully merged cells for B1 LEC 1 on Friday
2025-04-11 01:20:20,147 - INFO - Successfully merged cells for B2 LEC 1 on Friday
2025-04-11 01:20:20,148 - INFO - Successfully merged cells for B3 LEC 2 on Friday
2025-04-11 01:20:20,149 - INFO - Successfully merged cells for B4 LEC 3 on Friday
2025-04-11 01:20:20,151 - INFO - Processing ECE semester 8A with 1 courses
2025-04-11 01:20:20,276 - INFO - Final timetables saved to improved_timetables.xlsx
2025-04-11 01:20:20,276 - INFO - Successfully scheduled 277 out of 284 courses (97.54%)
2025-04-11 01:20:46,543 - INFO - Generated 19 time slots from 09:00:00 to 18:30:00
2025-04-11 01:20:46,584 - INFO - Successfully loaded data from combined.xlsx
2025-04-11 01:20:46,587 - INFO - Generated course code EC2ALA for Linear Algebra
2025-04-11 01:20:46,588 - INFO - Generated course code EC2AO for Optimization
2025-04-11 01:20:46,589 - INFO - Generated course code EC2ACA for Computer Architecture
2025-04-11 01:20:46,590 - INFO - Generated course code EC2AELA for English Language and Communication
2025-04-11 01:20:46,590 - INFO - Generated course code EC2ADSA for Data Structures and Algorithms
2025-04-11 01:20:46,591 - INFO - Generated course code EC2ANA for Network Analysis
2025-04-11 01:20:46,593 - INFO - Assigned temporary classroom TBD_DSAI_2A for Optimization
2025-04-11 01:20:46,593 - INFO - Assigned temporary classroom TBD_DSAI_2A for Computer Architecture
2025-04-11 01:20:46,594 - INFO - Assigned temporary classroom TBD_DSAI_2A for Introduction to Digital VLSI Design/Photography101/Linux for Engineers/Data Science with Python/Introduction to Holistic Personality Development
2025-04-11 01:20:46,595 - INFO - Assigned temporary classroom TBD_ECE_2A for Optimization
2025-04-11 01:20:46,596 - INFO - Assigned temporary classroom TBD_ECE_2A for Computer Architecture
2025-04-11 01:20:46,596 - INFO - Assigned temporary classroom TBD_ECE_2A for Introduction to Digital VLSI Design/Photography101/Linux for Engineers/Data Science with Python/Introduction to Holistic Personality Development
2025-04-11 01:20:46,599 - INFO - Found 3 departments to process
2025-04-11 01:20:46,601 - INFO - Processing department: CSE with 7 semester groups
2025-04-11 01:20:46,602 - INFO - Processing CSE semester 2A with 7 courses
2025-04-11 01:20:46,620 - WARNING - Failed to schedule TUT 1 for B2: Concurrency and Computation/Computer Intensive Statistical Methods/Industry Insights Program Part 1 - Faculty: Dr Pramod Y/Dr Ramesh Athe/Mr. Ram Subramanian & Mr. Sasi Kumar Sundara Rajan, Classroom: C202/C203/C204
2025-04-11 01:20:46,622 - INFO - Successfully merged cells for CS162 LEC 2 on Monday
2025-04-11 01:20:46,622 - INFO - Successfully merged cells for CS164 LAB on Monday
2025-04-11 01:20:46,623 - INFO - Successfully merged cells for CS163 LEC 3 on Monday
2025-04-11 01:20:46,624 - INFO - Successfully merged cells for B1 LEC 2 on Monday
2025-04-11 01:20:46,624 - INFO - Successfully merged cells for B2 LEC 3 on Monday
2025-04-11 01:20:46,624 - INFO - Successfully merged cells for CS164 LEC 1 on Tuesday
2025-04-11 01:20:46,625 - INFO - Successfully merged cells for CS165 LEC 1 on Tuesday
2025-04-11 01:20:46,625 - INFO - Successfully merged cells for CS162 TUT 1 on Tuesday
2025-04-11 01:20:46,626 - INFO - Successfully merged cells for HS204 / HS153 LEC 1 on Tuesday
2025-04-11 01:20:46,626 - INFO - Successfully merged cells for B1 LEC 3 on Tuesday
2025-04-11 01:20:46,627 - INFO - Successfully merged cells for CS164 LEC 2 on Wednesday
2025-04-11 01:20:46,627 - INFO - Successfully merged cells for CS165 LEC 2 on Wednesday
2025-04-11 01:20:46,628 - INFO - Successfully merged cells for CS163 LEC 1 on Wednesday
2025-04-11 01:20:46,628 - INFO - Successfully merged cells for HS204 / HS153 LEC 2 on Wednesday
2025-04-11 01:20:46,629 - INFO - Successfully merged cells for B1 TUT 1 on Wednesday
2025-04-11 01:20:46,629 - INFO - Successfully merged cells for CS164 LEC 3 on Thursday
2025-04-11 01:20:46,630 - INFO - Successfully merged cells for CS162 LEC 1 on Thursday
2025-04-11 01:20:46,632 - INFO - Successfully merged cells for CS163 LEC 2 on Thursday
2025-04-11 01:20:46,632 - INFO - Successfully merged cells for HS204 / HS153 LEC 3 on Thursday
2025-04-11 01:20:46,632 - INFO - Successfully merged cells for B2 LEC 1 on Thursday
2025-04-11 01:20:46,633 - INFO - Successfully merged cells for CS162 LEC 3 on Friday
2025-04-11 01:20:46,633 - INFO - Successfully merged cells for CS165 LAB on Friday
2025-04-11 01:20:46,634 - INFO - Successfully merged cells for CS163 TUT 1 on Friday
2025-04-11 01:20:46,634 - INFO - Successfully merged cells for B1 LEC 1 on Friday
2025-04-11 01:20:46,634 - INFO - Successfully merged cells for B2 LEC 2 on Friday
2025-04-11 01:20:46,636 - INFO - Processing CSE semester 2B with 7 courses
2025-04-11 01:20:46,648 - WARNING - Failed to schedule LEC 3 for B2: Concurrency and Computation/Computer Intensive Statistical Methods/Industry Insights Program Part 1 - Faculty: Dr Pramod Y/Dr Ramesh Athe/Mr. Ram Subramanian & Mr. Sasi Kumar Sundara Rajan, Classroom: C202/C203/C204
2025-04-11 01:20:46,651 - INFO - Successfully merged cells for CS163 LEC 3 on Monday
2025-04-11 01:20:46,652 - INFO - Successfully merged cells for CS164 LAB on Monday
2025-04-11 01:20:46,653 - INFO - Successfully merged cells for CS162 LEC 2 on Monday
2025-04-11 01:20:46,654 - INFO - Successfully merged cells for B2 LEC 2 on Monday
2025-04-11 01:20:46,654 - INFO - Successfully merged cells for B1 LEC 2 on Monday
2025-04-11 01:20:46,655 - INFO - Successfully merged cells for CS164 LEC 1 on Tuesday
2025-04-11 01:20:46,655 - INFO - Successfully merged cells for CS162 TUT 1 on Tuesday
2025-04-11 01:20:46,655 - INFO - Successfully merged cells for B1 TUT 1 on Tuesday
2025-04-11 01:20:46,656 - INFO - Successfully merged cells for CS165 LEC 1 on Tuesday
2025-04-11 01:20:46,657 - INFO - Successfully merged cells for B2 TUT 1 on Tuesday
2025-04-11 01:20:46,657 - INFO - Successfully merged cells for HS204 / HS153 LEC 1 on Tuesday
2025-04-11 01:20:46,658 - INFO - Successfully merged cells for CS164 LEC 2 on Wednesday
2025-04-11 01:20:46,659 - INFO - Successfully merged cells for CS163 LEC 1 on Wednesday
2025-04-11 01:20:46,660 - INFO - Successfully merged cells for CS165 LEC 2 on Wednesday
2025-04-11 01:20:46,660 - INFO - Successfully merged cells for B1 LEC 3 on Wednesday
2025-04-11 01:20:46,660 - INFO - Successfully merged cells for HS204 / HS153 LEC 2 on Wednesday
2025-04-11 01:20:46,661 - INFO - Successfully merged cells for CS164 LEC 3 on Thursday
2025-04-11 01:20:46,661 - INFO - Successfully merged cells for CS163 LEC 2 on Thursday
2025-04-11 01:20:46,662 - INFO - Successfully merged cells for CS162 LEC 1 on Thursday
2025-04-11 01:20:46,662 - INFO - Successfully merged cells for B2 LEC 1 on Thursday
2025-04-11 01:20:46,663 - INFO - Successfully merged cells for HS204 / HS153 LEC 3 on Thursday
2025-04-11 01:20:46,663 - INFO - Successfully merged cells for CS163 TUT 1 on Friday
2025-04-11 01:20:46,665 - INFO - Successfully merged cells for CS162 LEC 3 on Friday
2025-04-11 01:20:46,666 - INFO - Successfully merged cells for CS165 LAB on Friday
2025-04-11 01:20:46,667 - INFO - Successfully merged cells for B1 LEC 1 on Friday
2025-04-11 01:20:46,669 - INFO - Processing CSE semester 4A with 6 courses
2025-04-11 01:20:46,675 - INFO - Successfully merged cells for CS310 TUT 1 on Monday
2025-04-11 01:20:46,676 - INFO - Successfully merged cells for CS204 LAB on Monday
2025-04-11 01:20:46,677 - INFO - Successfully merged cells for MA202 LEC 1 on Monday
2025-04-11 01:20:46,678 - INFO - Successfully merged cells for CS206 LEC 3 on Monday
2025-04-11 01:20:46,680 - INFO - Successfully merged cells for HS205 LEC 1 on Monday
2025-04-11 01:20:46,681 - INFO - Successfully merged cells for CS204 LEC 1 on Tuesday
2025-04-11 01:20:46,681 - INFO - Successfully merged cells for CS310 LEC 1 on Tuesday
2025-04-11 01:20:46,682 - INFO - Successfully merged cells for MA202 LEC 2 on Tuesday
2025-04-11 01:20:46,682 - INFO - Successfully merged cells for CS206 TUT 1 on Tuesday
2025-04-11 01:20:46,683 - INFO - Successfully merged cells for CS301 LEC 3 on Tuesday
2025-04-11 01:20:46,684 - INFO - Successfully merged cells for CS204 LEC 2 on Wednesday
2025-04-11 01:20:46,684 - INFO - Successfully merged cells for CS310 LEC 2 on Wednesday
2025-04-11 01:20:46,686 - INFO - Successfully merged cells for MA202 LEC 3 on Wednesday
2025-04-11 01:20:46,686 - INFO - Successfully merged cells for CS301 LEC 1 on Wednesday
2025-04-11 01:20:46,687 - INFO - Successfully merged cells for HS205 LEC 2 on Wednesday
2025-04-11 01:20:46,688 - INFO - Successfully merged cells for CS204 LEC 3 on Thursday
2025-04-11 01:20:46,688 - INFO - Successfully merged cells for CS310 LEC 3 on Thursday
2025-04-11 01:20:46,689 - INFO - Successfully merged cells for MA202 TUT 1 on Thursday
2025-04-11 01:20:46,689 - INFO - Successfully merged cells for CS206 LEC 2 on Thursday
2025-04-11 01:20:46,689 - INFO - Successfully merged cells for CS301 TUT 1 on Thursday
2025-04-11 01:20:46,690 - INFO - Successfully merged cells for CS204 TUT 1 on Friday
2025-04-11 01:20:46,691 - INFO - Successfully merged cells for CS310 LAB on Friday
2025-04-11 01:20:46,692 - INFO - Successfully merged cells for CS206 LEC 1 on Friday
2025-04-11 01:20:46,693 - INFO - Successfully merged cells for CS301 LEC 2 on Friday
2025-04-11 01:20:46,694 - INFO - Successfully merged cells for HS205 LEC 3 on Friday
2025-04-11 01:20:46,696 - INFO - Processing CSE semester 4B with 6 courses
2025-04-11 01:20:46,706 - WARNING - Failed to schedule LEC 3 for HS205: Ethics - Faculty: Dr. Jolly Thomas, IIT Dharwad, Classroom: C004
2025-04-11 01:20:46,708 - INFO - Successfully merged cells for CS206 LEC 1 on Monday
2025-04-11 01:20:46,709 - INFO - Successfully merged cells for CS310 LAB on Monday
2025-04-11 01:20:46,709 - INFO - Successfully merged cells for CS204 LEC 2 on Monday
2025-04-11 01:20:46,710 - INFO - Successfully merged cells for CS301 LEC 3 on Monday
2025-04-11 01:20:46,710 - INFO - Successfully merged cells for CS310 LEC 1 on Tuesday
2025-04-11 01:20:46,711 - INFO - Successfully merged cells for MA202 LEC 2 on Tuesday
2025-04-11 01:20:46,711 - INFO - Successfully merged cells for CS206 TUT 1 on Tuesday
2025-04-11 01:20:46,712 - INFO - Successfully merged cells for CS204 LEC 3 on Tuesday
2025-04-11 01:20:46,713 - INFO - Successfully merged cells for HS205 LEC 1 on Tuesday
2025-04-11 01:20:46,715 - INFO - Successfully merged cells for CS310 LEC 2 on Wednesday
2025-04-11 01:20:46,715 - INFO - Successfully merged cells for MA202 LEC 3 on Wednesday
2025-04-11 01:20:46,716 - INFO - Successfully merged cells for CS204 LEC 1 on Wednesday
2025-04-11 01:20:46,716 - INFO - Successfully merged cells for CS301 LEC 2 on Wednesday
2025-04-11 01:20:46,717 - INFO - Successfully merged cells for CS310 LEC 3 on Thursday
2025-04-11 01:20:46,717 - INFO - Successfully merged cells for MA202 TUT 1 on Thursday
2025-04-11 01:20:46,718 - INFO - Successfully merged cells for CS204 TUT 1 on Thursday
2025-04-11 01:20:46,719 - INFO - Successfully merged cells for CS206 LEC 2 on Thursday
2025-04-11 01:20:46,719 - INFO - Successfully merged cells for CS301 TUT 1 on Thursday
2025-04-11 01:20:46,720 - INFO - Successfully merged cells for HS205 LEC 2 on Thursday
2025-04-11 01:20:46,721 - INFO - Successfully merged cells for CS310 TUT 1 on Friday
2025-04-11 01:20:46,722 - INFO - Successfully merged cells for MA202 LEC 1 on Friday
2025-04-11 01:20:46,723 - INFO - Successfully merged cells for CS206 LEC 3 on Friday
2025-04-11 01:20:46,723 - INFO - Successfully merged cells for CS301 LEC 1 on Friday
2025-04-11 01:20:46,729 - INFO - Processing CSE semester 6A with 6 courses
2025-04-11 01:20:46,735 - INFO - Successfully merged cells for B2 LEC 2 on Monday
2025-04-11 01:20:46,736 - INFO - Successfully merged cells for CS307 LAB on Monday
2025-04-11 01:20:46,736 - INFO - Successfully merged cells for B3 LEC 3 on Monday
2025-04-11 01:20:46,737 - INFO - Successfully merged cells for B4 TUT 1 on Monday
2025-04-11 01:20:46,737 - INFO - Successfully merged cells for CS307 LEC 1 on Tuesday
2025-04-11 01:20:46,738 - INFO - Successfully merged cells for B1 LEC 2 on Tuesday
2025-04-11 01:20:46,738 - INFO - Successfully merged cells for B2 TUT 1 on Tuesday
2025-04-11 01:20:46,739 - INFO - Successfully merged cells for B3 TUT 1 on Tuesday
2025-04-11 01:20:46,740 - INFO - Successfully merged cells for CS307 LEC 2 on Wednesday
2025-04-11 01:20:46,740 - INFO - Successfully merged cells for B1 LEC 3 on Wednesday
2025-04-11 01:20:46,741 - INFO - Successfully merged cells for B3 LEC 1 on Wednesday
2025-04-11 01:20:46,742 - INFO - Successfully merged cells for B4 LEC 2 on Wednesday
2025-04-11 01:20:46,742 - INFO - Successfully merged cells for CS307 LEC 3 on Thursday
2025-04-11 01:20:46,743 - INFO - Successfully merged cells for B1 TUT 1 on Thursday
2025-04-11 01:20:46,744 - INFO - Successfully merged cells for B2 LEC 3 on Thursday
2025-04-11 01:20:46,744 - INFO - Successfully merged cells for B4 LEC 1 on Thursday
2025-04-11 01:20:46,744 - INFO - Successfully merged cells for B1 LEC 1 on Friday
2025-04-11 01:20:46,745 - INFO - Successfully merged cells for B2 LEC 1 on Friday
2025-04-11 01:20:46,745 - INFO - Successfully merged cells for B3 LEC 2 on Friday
2025-04-11 01:20:46,745 - INFO - Successfully merged cells for B4 LEC 3 on Friday
2025-04-11 01:20:46,747 - INFO - Processing CSE semester 6B with 6 courses
2025-04-11 01:20:46,752 - INFO - Successfully merged cells for B3 LEC 3 on Monday
2025-04-11 01:20:46,752 - INFO - Successfully merged cells for CS307 LAB on Monday
2025-04-11 01:20:46,753 - INFO - Successfully merged cells for B2 LEC 2 on Monday
2025-04-11 01:20:46,754 - INFO - Successfully merged cells for B4 TUT 1 on Monday
2025-04-11 01:20:46,756 - INFO - Successfully merged cells for CS307 LEC 1 on Tuesday
2025-04-11 01:20:46,756 - INFO - Successfully merged cells for B2 TUT 1 on Tuesday
2025-04-11 01:20:46,757 - INFO - Successfully merged cells for B3 TUT 1 on Tuesday
2025-04-11 01:20:46,757 - INFO - Successfully merged cells for B1 LEC 2 on Tuesday
2025-04-11 01:20:46,758 - INFO - Successfully merged cells for CS307 LEC 2 on Wednesday
2025-04-11 01:20:46,758 - INFO - Successfully merged cells for B3 LEC 1 on Wednesday
2025-04-11 01:20:46,759 - INFO - Successfully merged cells for B1 LEC 3 on Wednesday
2025-04-11 01:20:46,760 - INFO - Successfully merged cells for B4 LEC 2 on Wednesday
2025-04-11 01:20:46,760 - INFO - Successfully merged cells for CS307 LEC 3 on Thursday
2025-04-11 01:20:46,761 - INFO - Successfully merged cells for B1 TUT 1 on Thursday
2025-04-11 01:20:46,761 - INFO - Successfully merged cells for B4 LEC 1 on Thursday
2025-04-11 01:20:46,762 - INFO - Successfully merged cells for B2 LEC 3 on Thursday
2025-04-11 01:20:46,763 - INFO - Successfully merged cells for B2 LEC 1 on Friday
2025-04-11 01:20:46,763 - INFO - Successfully merged cells for B1 LEC 1 on Friday
2025-04-11 01:20:46,765 - INFO - Successfully merged cells for B4 LEC 3 on Friday
2025-04-11 01:20:46,765 - INFO - Successfully merged cells for B3 LEC 2 on Friday
2025-04-11 01:20:46,766 - INFO - Processing CSE semester 8A with 1 courses
2025-04-11 01:20:46,778 - INFO - Processing department: DSAI with 3 semester groups
2025-04-11 01:20:46,778 - INFO - Processing DSAI semester 2A with 8 courses
2025-04-11 01:20:46,796 - WARNING - Failed to schedule TUT 2 for B2(New/New/New/New/New): Introduction to Digital VLSI Design/Photography101/Linux for Engineers/Data Science with Python/Introduction to Holistic Personality Development - Faculty: Dr Prakash Pawar/Dr Prabhu Prasad BM/Dr. Shirshendu L/Dr. Abdul Wahid/ Prof. Chachadi and Dr. Chandrika K, Classroom: TBD_DSAI_2A
2025-04-11 01:20:46,798 - INFO - Successfully merged cells for MA163 LEC 2 on Monday
2025-04-11 01:20:46,799 - INFO - Successfully merged cells for CS163 LAB on Monday
2025-04-11 01:20:46,799 - INFO - Successfully merged cells for CS162 LEC 3 on Monday
2025-04-11 01:20:46,800 - INFO - Successfully merged cells for HS161 LEC 1 on Monday
2025-04-11 01:20:46,800 - INFO - Successfully merged cells for B2(New/New/New/New/New) LEC 1 on Monday
2025-04-11 01:20:46,801 - INFO - Successfully merged cells for CS163 LEC 1 on Tuesday
2025-04-11 01:20:46,802 - INFO - Successfully merged cells for DS164 LEC 1 on Tuesday
2025-04-11 01:20:46,802 - INFO - Successfully merged cells for MA163 TUT 1 on Tuesday
2025-04-11 01:20:46,803 - INFO - Successfully merged cells for CS164 LEC 1 on Tuesday
2025-04-11 01:20:46,804 - INFO - Successfully merged cells for HS161 LEC 2 on Tuesday
2025-04-11 01:20:46,805 - INFO - Successfully merged cells for CS163 LEC 2 on Wednesday
2025-04-11 01:20:46,806 - INFO - Successfully merged cells for DS164 LEC 2 on Wednesday
2025-04-11 01:20:46,807 - INFO - Successfully merged cells for CS162 LEC 1 on Wednesday
2025-04-11 01:20:46,807 - INFO - Successfully merged cells for CS164 LEC 2 on Wednesday
2025-04-11 01:20:46,808 - INFO - Successfully merged cells for B1(ASD151/HS151/New/New/New/New) LEC 1 on Wednesday
2025-04-11 01:20:46,808 - INFO - Successfully merged cells for CS163 LEC 3 on Thursday
2025-04-11 01:20:46,808 - INFO - Successfully merged cells for MA163 LEC 1 on Thursday
2025-04-11 01:20:46,809 - INFO - Successfully merged cells for CS162 LEC 2 on Thursday
2025-04-11 01:20:46,810 - INFO - Successfully merged cells for CS164 LEC 3 on Thursday
2025-04-11 01:20:46,810 - INFO - Successfully merged cells for B1(ASD151/HS151/New/New/New/New) TUT 1 on Thursday
2025-04-11 01:20:46,811 - INFO - Successfully merged cells for MA163 LEC 3 on Friday
2025-04-11 01:20:46,812 - INFO - Successfully merged cells for DS164 LAB on Friday
2025-04-11 01:20:46,812 - INFO - Successfully merged cells for CS162 TUT 1 on Friday
2025-04-11 01:20:46,813 - INFO - Successfully merged cells for CS164 TUT 1 on Friday
2025-04-11 01:20:46,813 - INFO - Successfully merged cells for HS161 LEC 3 on Friday
2025-04-11 01:20:46,813 - INFO - Successfully merged cells for B2(New/New/New/New/New) TUT 1 on Friday
2025-04-11 01:20:46,814 - INFO - Processing DSAI semester 4A with 6 courses
2025-04-11 01:20:46,821 - INFO - Successfully merged cells for CS310 TUT 1 on Monday
2025-04-11 01:20:46,822 - INFO - Successfully merged cells for DS204 LAB on Monday
2025-04-11 01:20:46,824 - INFO - Successfully merged cells for MA202 LEC 2 on Monday
2025-04-11 01:20:46,825 - INFO - Successfully merged cells for CS204 LEC 1 on Monday
2025-04-11 01:20:46,826 - INFO - Successfully merged cells for DS205 LEC 2 on Monday
2025-04-11 01:20:46,826 - INFO - Successfully merged cells for DS204 LEC 1 on Tuesday
2025-04-11 01:20:46,827 - INFO - Successfully merged cells for CS310 LEC 1 on Tuesday
2025-04-11 01:20:46,828 - INFO - Successfully merged cells for MA202 LEC 3 on Tuesday
2025-04-11 01:20:46,828 - INFO - Successfully merged cells for CS204 LEC 2 on Tuesday
2025-04-11 01:20:46,829 - INFO - Successfully merged cells for DS205 LEC 3 on Tuesday
2025-04-11 01:20:46,829 - INFO - Successfully merged cells for DS204 LEC 2 on Wednesday
2025-04-11 01:20:46,830 - INFO - Successfully merged cells for CS310 LEC 2 on Wednesday
2025-04-11 01:20:46,830 - INFO - Successfully merged cells for MA202 TUT 1 on Wednesday
2025-04-11 01:20:46,832 - INFO - Successfully merged cells for HS206 LEC 3 on Wednesday
2025-04-11 01:20:46,834 - INFO - Successfully merged cells for DS205 LEC 1 on Wednesday
2025-04-11 01:20:46,835 - INFO - Successfully merged cells for DS204 LEC 3 on Thursday
2025-04-11 01:20:46,837 - INFO - Successfully merged cells for CS310 LEC 3 on Thursday
2025-04-11 01:20:46,839 - INFO - Successfully merged cells for HS206 LEC 1 on Thursday
2025-04-11 01:20:46,840 - INFO - Successfully merged cells for CS204 LEC 3 on Thursday
2025-04-11 01:20:46,841 - INFO - Successfully merged cells for MA202 LEC 1 on Friday
2025-04-11 01:20:46,842 - INFO - Successfully merged cells for CS310 LAB on Friday
2025-04-11 01:20:46,843 - INFO - Successfully merged cells for HS206 LEC 2 on Friday
2025-04-11 01:20:46,844 - INFO - Successfully merged cells for CS204 TUT 1 on Friday
2025-04-11 01:20:46,848 - INFO - Processing DSAI semester 6A with 8 courses
2025-04-11 01:20:46,863 - INFO - Successfully merged cells for DS309 LEC 1 on Monday
2025-04-11 01:20:46,864 - INFO - Successfully merged cells for DS306 LEC 3 on Monday
2025-04-11 01:20:46,866 - INFO - Successfully merged cells for DS308 LEC 2 on Monday
2025-04-11 01:20:46,867 - INFO - Successfully merged cells for B1 TUT 1 on Monday
2025-04-11 01:20:46,868 - INFO - Successfully merged cells for B2 LEC 3 on Monday
2025-04-11 01:20:46,869 - INFO - Successfully merged cells for DS307 LEC 1 on Tuesday
2025-04-11 01:20:46,870 - INFO - Successfully merged cells for DS309 LEC 2 on Tuesday
2025-04-11 01:20:46,871 - INFO - Successfully merged cells for DS308 LEC 3 on Tuesday
2025-04-11 01:20:46,871 - INFO - Successfully merged cells for B2 LEC 1 on Tuesday
2025-04-11 01:20:46,872 - INFO - Successfully merged cells for DS307 LEC 2 on Wednesday
2025-04-11 01:20:46,873 - INFO - Successfully merged cells for DS309 LEC 3 on Wednesday
2025-04-11 01:20:46,874 - INFO - Successfully merged cells for DS308 TUT 1 on Wednesday
2025-04-11 01:20:46,875 - INFO - Successfully merged cells for B1 LEC 2 on Wednesday
2025-04-11 01:20:46,876 - INFO - Successfully merged cells for B2 TUT 1 on Wednesday
2025-04-11 01:20:46,876 - INFO - Successfully merged cells for DS306 LEC 1 on Thursday
2025-04-11 01:20:46,877 - INFO - Successfully merged cells for DS307 LEC 3 on Thursday
2025-04-11 01:20:46,877 - INFO - Successfully merged cells for B1 LEC 1 on Thursday
2025-04-11 01:20:46,878 - INFO - Successfully merged cells for B2 LEC 2 on Thursday
2025-04-11 01:20:46,879 - INFO - Successfully merged cells for DS306 LEC 2 on Friday
2025-04-11 01:20:46,879 - INFO - Successfully merged cells for DS307 TUT 1 on Friday
2025-04-11 01:20:46,880 - INFO - Successfully merged cells for DS308 LEC 1 on Friday
2025-04-11 01:20:46,880 - INFO - Successfully merged cells for B1 LEC 3 on Friday
2025-04-11 01:20:46,882 - INFO - Processing department: ECE with 4 semester groups
2025-04-11 01:20:46,883 - INFO - Processing ECE semester 2A with 8 courses
2025-04-11 01:20:46,890 - INFO - Successfully merged cells for EC2AO LEC 2 on Monday
2025-04-11 01:20:46,890 - INFO - Successfully merged cells for EC2ADSA LAB on Monday
2025-04-11 01:20:46,891 - INFO - Successfully merged cells for EC2ACA LEC 3 on Monday
2025-04-11 01:20:46,892 - INFO - Successfully merged cells for EC2ANA LEC 1 on Monday
2025-04-11 01:20:46,892 - INFO - Successfully merged cells for B1(ASD151/HS151/New/New/New/New) TUT 1 on Monday
2025-04-11 01:20:46,892 - INFO - Successfully merged cells for EC2ADSA LEC 1 on Tuesday
2025-04-11 01:20:46,894 - INFO - Successfully merged cells for EC2ALA LEC 2 on Tuesday
2025-04-11 01:20:46,895 - INFO - Successfully merged cells for EC2AO TUT 1 on Tuesday
2025-04-11 01:20:46,896 - INFO - Successfully merged cells for EC2ACA TUT 1 on Tuesday
2025-04-11 01:20:46,897 - INFO - Successfully merged cells for EC2ANA LEC 2 on Tuesday
2025-04-11 01:20:46,897 - INFO - Successfully merged cells for B2(New/New/New/New/New) TUT 1 on Tuesday
2025-04-11 01:20:46,898 - INFO - Successfully merged cells for EC2ADSA LEC 2 on Wednesday
2025-04-11 01:20:46,898 - INFO - Successfully merged cells for EC2ALA LEC 3 on Wednesday
2025-04-11 01:20:46,899 - INFO - Successfully merged cells for EC2ACA LEC 1 on Wednesday
2025-04-11 01:20:46,899 - INFO - Successfully merged cells for EC2AELA LEC 2 on Wednesday
2025-04-11 01:20:46,900 - INFO - Successfully merged cells for B2(New/New/New/New/New) LEC 1 on Wednesday
2025-04-11 01:20:46,900 - INFO - Successfully merged cells for EC2ADSA LEC 3 on Thursday
2025-04-11 01:20:46,901 - INFO - Successfully merged cells for EC2ALA TUT 1 on Thursday
2025-04-11 01:20:46,901 - INFO - Successfully merged cells for B2(New/New/New/New/New) TUT 2 on Thursday
2025-04-11 01:20:46,903 - INFO - Successfully merged cells for EC2AELA LEC 1 on Thursday
2025-04-11 01:20:46,903 - INFO - Successfully merged cells for EC2AO LEC 3 on Thursday
2025-04-11 01:20:46,904 - INFO - Successfully merged cells for EC2ANA TUT 1 on Thursday
2025-04-11 01:20:46,904 - INFO - Successfully merged cells for EC2ALA LEC 1 on Friday
2025-04-11 01:20:46,904 - INFO - Successfully merged cells for EC2AO LEC 1 on Friday
2025-04-11 01:20:46,905 - INFO - Successfully merged cells for EC2ACA LEC 2 on Friday
2025-04-11 01:20:46,905 - INFO - Successfully merged cells for EC2AELA LEC 3 on Friday
2025-04-11 01:20:46,906 - INFO - Successfully merged cells for B1(ASD151/HS151/New/New/New/New) LEC 1 on Friday
2025-04-11 01:20:46,907 - INFO - Processing ECE semester 4A with 6 courses
2025-04-11 01:20:46,926 - WARNING - Failed to schedule LEC 1 for HS205: Ethics - Faculty: Dr. Jolly Thomas IIT Dharwad, Classroom: C004
2025-04-11 01:20:46,939 - WARNING - Failed to schedule LEC 2 for HS205: Ethics - Faculty: Dr. Jolly Thomas IIT Dharwad, Classroom: C004
2025-04-11 01:20:46,954 - WARNING - Failed to schedule LEC 3 for HS205: Ethics - Faculty: Dr. Jolly Thomas IIT Dharwad, Classroom: C004
2025-04-11 01:20:46,956 - INFO - Successfully merged cells for EC204 TUT 1 on Monday
2025-04-11 01:20:46,958 - INFO - Successfully merged cells for EC205 LAB on Monday
2025-04-11 01:20:46,959 - INFO - Successfully merged cells for MA208 LEC 2 on Monday
2025-04-11 01:20:46,959 - INFO - Successfully merged cells for EC310 TUT 1 on Monday
2025-04-11 01:20:46,959 - INFO - Successfully merged cells for HS204 TUT 1 on Monday
2025-04-11 01:20:46,960 - INFO - Successfully merged cells for EC205 LEC 1 on Tuesday
2025-04-11 01:20:46,960 - INFO - Successfully merged cells for EC204 LEC 1 on Tuesday
2025-04-11 01:20:46,961 - INFO - Successfully merged cells for MA208 LEC 3 on Tuesday
2025-04-11 01:20:46,962 - INFO - Successfully merged cells for HS204 LEC 1 on Tuesday
2025-04-11 01:20:46,963 - INFO - Successfully merged cells for EC205 LEC 2 on Wednesday
2025-04-11 01:20:46,964 - INFO - Successfully merged cells for EC204 LEC 2 on Wednesday
2025-04-11 01:20:46,975 - INFO - Successfully merged cells for MA208 TUT 1 on Wednesday
2025-04-11 01:20:46,977 - INFO - Successfully merged cells for EC310 LEC 3 on Wednesday
2025-04-11 01:20:46,980 - INFO - Successfully merged cells for EC205 LEC 3 on Thursday
2025-04-11 01:20:46,982 - INFO - Successfully merged cells for EC204 LEC 3 on Thursday
2025-04-11 01:20:46,985 - INFO - Successfully merged cells for EC310 LEC 1 on Thursday
2025-04-11 01:20:46,986 - INFO - Successfully merged cells for HS204 LEC 2 on Thursday
2025-04-11 01:20:46,988 - INFO - Successfully merged cells for MA208 LEC 1 on Friday
2025-04-11 01:20:46,992 - INFO - Successfully merged cells for EC204 LAB on Friday
2025-04-11 01:20:46,995 - INFO - Successfully merged cells for EC310 LEC 2 on Friday
2025-04-11 01:20:46,997 - INFO - Successfully merged cells for HS204 LEC 3 on Friday
2025-04-11 01:20:47,001 - INFO - Processing ECE semester 6A with 6 courses
2025-04-11 01:20:47,010 - INFO - Successfully merged cells for CS307 LEC 1 on Monday
2025-04-11 01:20:47,013 - INFO - Successfully merged cells for B1 LEC 2 on Monday
2025-04-11 01:20:47,015 - INFO - Successfully merged cells for B2 TUT 1 on Monday
2025-04-11 01:20:47,016 - INFO - Successfully merged cells for B3 TUT 1 on Monday
2025-04-11 01:20:47,016 - INFO - Successfully merged cells for B4 TUT 1 on Monday
2025-04-11 01:20:47,018 - INFO - Successfully merged cells for B2 LEC 2 on Tuesday
2025-04-11 01:20:47,018 - INFO - Successfully merged cells for CS307 LAB on Tuesday
2025-04-11 01:20:47,020 - INFO - Successfully merged cells for B3 LEC 3 on Tuesday
2025-04-11 01:20:47,021 - INFO - Successfully merged cells for B1 LEC 3 on Wednesday
2025-04-11 01:20:47,021 - INFO - Successfully merged cells for CS307 LEC 2 on Wednesday
2025-04-11 01:20:47,022 - INFO - Successfully merged cells for B3 LEC 1 on Wednesday
2025-04-11 01:20:47,022 - INFO - Successfully merged cells for B4 LEC 2 on Wednesday
2025-04-11 01:20:47,024 - INFO - Successfully merged cells for B1 TUT 1 on Thursday
2025-04-11 01:20:47,024 - INFO - Successfully merged cells for CS307 LEC 3 on Thursday
2025-04-11 01:20:47,025 - INFO - Successfully merged cells for B2 LEC 3 on Thursday
2025-04-11 01:20:47,026 - INFO - Successfully merged cells for B4 LEC 1 on Thursday
2025-04-11 01:20:47,027 - INFO - Successfully merged cells for B1 LEC 1 on Friday
2025-04-11 01:20:47,028 - INFO - Successfully merged cells for B2 LEC 1 on Friday
2025-04-11 01:20:47,029 - INFO - Successfully merged cells for B3 LEC 2 on Friday
2025-04-11 01:20:47,029 - INFO - Successfully merged cells for B4 LEC 3 on Friday
2025-04-11 01:20:47,032 - INFO - Processing ECE semester 8A with 1 courses
2025-04-11 01:20:47,141 - INFO - Final timetables saved to improved_timetables.xlsx
2025-04-11 01:20:47,141 - INFO - Successfully scheduled 277 out of 284 courses (97.54%)
2025-04-11 14:54:04,176 - INFO - Generated 19 time slots from 09:00:00 to 18:30:00
2025-04-11 14:54:04,214 - INFO - Successfully loaded data from combined.xlsx
2025-04-11 14:54:04,218 - INFO - Generated course code EC2ALA for Linear Algebra
2025-04-11 14:54:04,218 - INFO - Generated course code EC2AO for Optimization
2025-04-11 14:54:04,218 - INFO - Generated course code EC2ACA for Computer Architecture
2025-04-11 14:54:04,219 - INFO - Generated course code EC2AELA for English Language and Communication
2025-04-11 14:54:04,219 - INFO - Generated course code EC2ADSA for Data Structures and Algorithms
2025-04-11 14:54:04,220 - INFO - Generated course code EC2ANA for Network Analysis
2025-04-11 14:54:04,222 - INFO - Assigned temporary classroom TBD_DSAI_2A for Optimization
2025-04-11 14:54:04,222 - INFO - Assigned temporary classroom TBD_DSAI_2A for Computer Architecture
2025-04-11 14:54:04,223 - INFO - Assigned temporary classroom TBD_DSAI_2A for Introduction to Digital VLSI Design/Photography101/Linux for Engineers/Data Science with Python/Introduction to Holistic Personality Development
2025-04-11 14:54:04,224 - INFO - Assigned temporary classroom TBD_ECE_2A for Optimization
2025-04-11 14:54:04,224 - INFO - Assigned temporary classroom TBD_ECE_2A for Computer Architecture
2025-04-11 14:54:04,225 - INFO - Assigned temporary classroom TBD_ECE_2A for Introduction to Digital VLSI Design/Photography101/Linux for Engineers/Data Science with Python/Introduction to Holistic Personality Development
2025-04-11 14:54:04,230 - INFO - Found 3 departments to process
2025-04-11 14:54:04,230 - INFO - Processing department: CSE with 7 semester groups
2025-04-11 14:54:04,231 - INFO - Processing CSE semester 2A with 7 courses
2025-04-11 14:54:04,237 - INFO - Successfully merged cells for CS162 TUT 1 on Monday
2025-04-11 14:54:04,238 - INFO - Successfully merged cells for CS163 LEC 2 on Monday
2025-04-11 14:54:04,238 - INFO - Successfully merged cells for CS164 LAB on Monday
2025-04-11 14:54:04,239 - INFO - Successfully merged cells for B1 TUT 1 on Monday
2025-04-11 14:54:04,240 - INFO - Successfully merged cells for CS164 LEC 1 on Tuesday
2025-04-11 14:54:04,240 - INFO - Successfully merged cells for CS165 LEC 2 on Tuesday
2025-04-11 14:54:04,241 - INFO - Successfully merged cells for CS163 TUT 1 on Tuesday
2025-04-11 14:54:04,242 - INFO - Successfully merged cells for B1 LEC 2 on Tuesday
2025-04-11 14:54:04,243 - INFO - Successfully merged cells for CS164 LEC 2 on Wednesday
2025-04-11 14:54:04,244 - INFO - Successfully merged cells for CS162 LEC 1 on Wednesday
2025-04-11 14:54:04,244 - INFO - Successfully merged cells for HS204 / HS153 LEC 1 on Wednesday
2025-04-11 14:54:04,245 - INFO - Successfully merged cells for B2 LEC 1 on Wednesday
2025-04-11 14:54:04,245 - INFO - Successfully merged cells for CS163 LEC 1 on Thursday
2025-04-11 14:54:04,246 - INFO - Successfully merged cells for B1 LEC 1 on Thursday
2025-04-11 14:54:04,246 - INFO - Successfully merged cells for CS165 LAB on Thursday
2025-04-11 14:54:04,247 - INFO - Successfully merged cells for B2 TUT 1 on Thursday
2025-04-11 14:54:04,247 - INFO - Successfully merged cells for CS165 LEC 1 on Friday
2025-04-11 14:54:04,248 - INFO - Successfully merged cells for CS162 LEC 2 on Friday
2025-04-11 14:54:04,248 - INFO - Successfully merged cells for HS204 / HS153 LEC 2 on Friday
2025-04-11 14:54:04,249 - INFO - Successfully merged cells for B2 LEC 2 on Friday
2025-04-11 14:54:04,250 - INFO - Processing CSE semester 2B with 7 courses
2025-04-11 14:54:04,257 - INFO - Successfully merged cells for CS163 LEC 2 on Monday
2025-04-11 14:54:04,258 - INFO - Successfully merged cells for CS162 TUT 1 on Monday
2025-04-11 14:54:04,259 - INFO - Successfully merged cells for CS164 LAB on Monday
2025-04-11 14:54:04,259 - INFO - Successfully merged cells for B1 TUT 1 on Monday
2025-04-11 14:54:04,259 - INFO - Successfully merged cells for CS164 LEC 1 on Tuesday
2025-04-11 14:54:04,260 - INFO - Successfully merged cells for CS163 TUT 1 on Tuesday
2025-04-11 14:54:04,261 - INFO - Successfully merged cells for CS165 LEC 2 on Tuesday
2025-04-11 14:54:04,262 - INFO - Successfully merged cells for B1 LEC 2 on Tuesday
2025-04-11 14:54:04,264 - INFO - Successfully merged cells for CS164 LEC 2 on Wednesday
2025-04-11 14:54:04,264 - INFO - Successfully merged cells for HS204 / HS153 LEC 1 on Wednesday
2025-04-11 14:54:04,265 - INFO - Successfully merged cells for CS162 LEC 1 on Wednesday
2025-04-11 14:54:04,266 - INFO - Successfully merged cells for B2 LEC 1 on Wednesday
2025-04-11 14:54:04,266 - INFO - Successfully merged cells for CS163 LEC 1 on Thursday
2025-04-11 14:54:04,267 - INFO - Successfully merged cells for B2 TUT 1 on Thursday
2025-04-11 14:54:04,268 - INFO - Successfully merged cells for B1 LEC 1 on Thursday
2025-04-11 14:54:04,269 - INFO - Successfully merged cells for CS165 LAB on Thursday
2025-04-11 14:54:04,270 - INFO - Successfully merged cells for CS162 LEC 2 on Friday
2025-04-11 14:54:04,271 - INFO - Successfully merged cells for CS165 LEC 1 on Friday
2025-04-11 14:54:04,272 - INFO - Successfully merged cells for B2 LEC 2 on Friday
2025-04-11 14:54:04,272 - INFO - Successfully merged cells for HS204 / HS153 LEC 2 on Friday
2025-04-11 14:54:04,273 - INFO - Processing CSE semester 4A with 6 courses
2025-04-11 14:54:04,279 - INFO - Successfully merged cells for MA202 LEC 1 on Monday
2025-04-11 14:54:04,279 - INFO - Successfully merged cells for CS206 TUT 1 on Monday
2025-04-11 14:54:04,280 - INFO - Successfully merged cells for CS204 LAB on Monday
2025-04-11 14:54:04,281 - INFO - Successfully merged cells for HS205 LEC 1 on Monday
2025-04-11 14:54:04,282 - INFO - Successfully merged cells for CS204 LEC 1 on Tuesday
2025-04-11 14:54:04,282 - INFO - Successfully merged cells for CS310 LEC 2 on Tuesday
2025-04-11 14:54:04,283 - INFO - Successfully merged cells for CS206 LEC 2 on Tuesday
2025-04-11 14:54:04,284 - INFO - Successfully merged cells for HS205 LEC 2 on Tuesday
2025-04-11 14:54:04,284 - INFO - Successfully merged cells for CS204 LEC 2 on Wednesday
2025-04-11 14:54:04,285 - INFO - Successfully merged cells for CS310 TUT 1 on Wednesday
2025-04-11 14:54:04,285 - INFO - Successfully merged cells for MA202 TUT 1 on Wednesday
2025-04-11 14:54:04,286 - INFO - Successfully merged cells for CS301 LEC 1 on Wednesday
2025-04-11 14:54:04,286 - INFO - Successfully merged cells for CS204 TUT 1 on Thursday
2025-04-11 14:54:04,287 - INFO - Successfully merged cells for CS310 LEC 1 on Thursday
2025-04-11 14:54:04,288 - INFO - Successfully merged cells for CS206 LEC 1 on Thursday
2025-04-11 14:54:04,288 - INFO - Successfully merged cells for CS301 TUT 1 on Thursday
2025-04-11 14:54:04,289 - INFO - Successfully merged cells for MA202 LEC 2 on Friday
2025-04-11 14:54:04,290 - INFO - Successfully merged cells for CS301 LEC 2 on Friday
2025-04-11 14:54:04,291 - INFO - Successfully merged cells for CS310 LAB on Friday
2025-04-11 14:54:04,293 - INFO - Processing CSE semester 4B with 6 courses
2025-04-11 14:54:04,298 - INFO - Successfully merged cells for CS206 TUT 1 on Monday
2025-04-11 14:54:04,299 - INFO - Successfully merged cells for CS204 TUT 1 on Monday
2025-04-11 14:54:04,300 - INFO - Successfully merged cells for CS310 LAB on Monday
2025-04-11 14:54:04,301 - INFO - Successfully merged cells for CS301 TUT 1 on Monday
2025-04-11 14:54:04,301 - INFO - Successfully merged cells for CS310 LEC 1 on Tuesday
2025-04-11 14:54:04,302 - INFO - Successfully merged cells for MA202 TUT 1 on Tuesday
2025-04-11 14:54:04,303 - INFO - Successfully merged cells for CS204 LEC 1 on Tuesday
2025-04-11 14:54:04,306 - INFO - Successfully merged cells for HS205 LEC 1 on Tuesday
2025-04-11 14:54:04,306 - INFO - Successfully merged cells for CS310 LEC 2 on Wednesday
2025-04-11 14:54:04,308 - INFO - Successfully merged cells for CS206 LEC 1 on Wednesday
2025-04-11 14:54:04,308 - INFO - Successfully merged cells for CS301 LEC 1 on Wednesday
2025-04-11 14:54:04,310 - INFO - Successfully merged cells for CS310 TUT 1 on Thursday
2025-04-11 14:54:04,310 - INFO - Successfully merged cells for MA202 LEC 2 on Thursday
2025-04-11 14:54:04,311 - INFO - Successfully merged cells for CS204 LEC 2 on Thursday
2025-04-11 14:54:04,311 - INFO - Successfully merged cells for HS205 LEC 2 on Thursday
2025-04-11 14:54:04,312 - INFO - Successfully merged cells for CS206 LEC 2 on Friday
2025-04-11 14:54:04,313 - INFO - Successfully merged cells for MA202 LEC 1 on Friday
2025-04-11 14:54:04,313 - INFO - Successfully merged cells for CS301 LEC 2 on Friday
2025-04-11 14:54:04,315 - INFO - Processing CSE semester 6A with 6 courses
2025-04-11 14:54:04,321 - INFO - Successfully merged cells for B3 LEC 1 on Monday
2025-04-11 14:54:04,321 - INFO - Successfully merged cells for B4 TUT 1 on Monday
2025-04-11 14:54:04,322 - INFO - Successfully merged cells for CS307 LAB on Monday
2025-04-11 14:54:04,323 - INFO - Successfully merged cells for CS307 LEC 1 on Tuesday
2025-04-11 14:54:04,323 - INFO - Successfully merged cells for B1 TUT 1 on Tuesday
2025-04-11 14:54:04,325 - INFO - Successfully merged cells for B3 LEC 2 on Tuesday
2025-04-11 14:54:04,326 - INFO - Successfully merged cells for CS307 LEC 2 on Wednesday
2025-04-11 14:54:04,326 - INFO - Successfully merged cells for B2 LEC 1 on Wednesday
2025-04-11 14:54:04,327 - INFO - Successfully merged cells for B4 LEC 1 on Wednesday
2025-04-11 14:54:04,328 - INFO - Successfully merged cells for B1 LEC 1 on Thursday
2025-04-11 14:54:04,328 - INFO - Successfully merged cells for B2 LEC 2 on Thursday
2025-04-11 14:54:04,329 - INFO - Successfully merged cells for B4 LEC 2 on Thursday
2025-04-11 14:54:04,330 - INFO - Successfully merged cells for B1 LEC 2 on Friday
2025-04-11 14:54:04,331 - INFO - Successfully merged cells for B2 TUT 1 on Friday
2025-04-11 14:54:04,332 - INFO - Successfully merged cells for B3 TUT 1 on Friday
2025-04-11 14:54:04,334 - INFO - Processing CSE semester 6B with 6 courses
2025-04-11 14:54:04,339 - INFO - Successfully merged cells for B4 TUT 1 on Monday
2025-04-11 14:54:04,340 - INFO - Successfully merged cells for B3 LEC 1 on Monday
2025-04-11 14:54:04,341 - INFO - Successfully merged cells for CS307 LAB on Monday
2025-04-11 14:54:04,341 - INFO - Successfully merged cells for CS307 LEC 1 on Tuesday
2025-04-11 14:54:04,342 - INFO - Successfully merged cells for B3 LEC 2 on Tuesday
2025-04-11 14:54:04,342 - INFO - Successfully merged cells for B1 TUT 1 on Tuesday
2025-04-11 14:54:04,343 - INFO - Successfully merged cells for CS307 LEC 2 on Wednesday
2025-04-11 14:54:04,344 - INFO - Successfully merged cells for B4 LEC 1 on Wednesday
2025-04-11 14:54:04,345 - INFO - Successfully merged cells for B2 LEC 1 on Wednesday
2025-04-11 14:54:04,347 - INFO - Successfully merged cells for B2 LEC 2 on Thursday
2025-04-11 14:54:04,347 - INFO - Successfully merged cells for B1 LEC 1 on Thursday
2025-04-11 14:54:04,348 - INFO - Successfully merged cells for B4 LEC 2 on Thursday
2025-04-11 14:54:04,349 - INFO - Successfully merged cells for B2 TUT 1 on Friday
2025-04-11 14:54:04,350 - INFO - Successfully merged cells for B1 LEC 2 on Friday
2025-04-11 14:54:04,351 - INFO - Successfully merged cells for B3 TUT 1 on Friday
2025-04-11 14:54:04,352 - INFO - Processing CSE semester 8A with 1 courses
2025-04-11 14:54:04,366 - INFO - Processing department: DSAI with 3 semester groups
2025-04-11 14:54:04,367 - INFO - Processing DSAI semester 2A with 8 courses
2025-04-11 14:54:04,372 - INFO - Successfully merged cells for MA163 TUT 1 on Monday
2025-04-11 14:54:04,373 - INFO - Successfully merged cells for CS162 LEC 2 on Monday
2025-04-11 14:54:04,374 - INFO - Successfully merged cells for CS163 LAB on Monday
2025-04-11 14:54:04,374 - INFO - Successfully merged cells for HS161 LEC 2 on Monday
2025-04-11 14:54:04,375 - INFO - Successfully merged cells for CS163 LEC 1 on Tuesday
2025-04-11 14:54:04,375 - INFO - Successfully merged cells for DS164 LEC 2 on Tuesday
2025-04-11 14:54:04,376 - INFO - Successfully merged cells for CS162 TUT 1 on Tuesday
2025-04-11 14:54:04,376 - INFO - Successfully merged cells for HS161 LEC 1 on Tuesday
2025-04-11 14:54:04,377 - INFO - Successfully merged cells for B2(New/New/New/New/New) TUT 1 on Tuesday
2025-04-11 14:54:04,377 - INFO - Successfully merged cells for CS163 LEC 2 on Wednesday
2025-04-11 14:54:04,378 - INFO - Successfully merged cells for MA163 LEC 1 on Wednesday
2025-04-11 14:54:04,378 - INFO - Successfully merged cells for CS164 LEC 1 on Wednesday
2025-04-11 14:54:04,379 - INFO - Successfully merged cells for B1(ASD151/HS151/New/New/New/New) LEC 1 on Wednesday
2025-04-11 14:54:04,380 - INFO - Successfully merged cells for CS162 LEC 1 on Thursday
2025-04-11 14:54:04,382 - INFO - Successfully merged cells for CS164 TUT 1 on Thursday
2025-04-11 14:54:04,383 - INFO - Successfully merged cells for DS164 LAB on Thursday
2025-04-11 14:54:04,383 - INFO - Successfully merged cells for B1(ASD151/HS151/New/New/New/New) TUT 1 on Thursday
2025-04-11 14:54:04,384 - INFO - Successfully merged cells for B2(New/New/New/New/New) TUT 2 on Thursday
2025-04-11 14:54:04,384 - INFO - Successfully merged cells for DS164 LEC 1 on Friday
2025-04-11 14:54:04,385 - INFO - Successfully merged cells for MA163 LEC 2 on Friday
2025-04-11 14:54:04,386 - INFO - Successfully merged cells for CS164 LEC 2 on Friday
2025-04-11 14:54:04,387 - INFO - Successfully merged cells for B2(New/New/New/New/New) LEC 1 on Friday
2025-04-11 14:54:04,390 - INFO - Processing DSAI semester 4A with 6 courses
2025-04-11 14:54:04,396 - INFO - Successfully merged cells for MA202 LEC 2 on Monday
2025-04-11 14:54:04,397 - INFO - Successfully merged cells for CS204 TUT 1 on Monday
2025-04-11 14:54:04,398 - INFO - Successfully merged cells for DS204 LAB on Monday
2025-04-11 14:54:04,399 - INFO - Successfully merged cells for DS205 LEC 2 on Monday
2025-04-11 14:54:04,399 - INFO - Successfully merged cells for DS204 LEC 1 on Tuesday
2025-04-11 14:54:04,400 - INFO - Successfully merged cells for CS310 LEC 2 on Tuesday
2025-04-11 14:54:04,401 - INFO - Successfully merged cells for HS206 LEC 2 on Tuesday
2025-04-11 14:54:04,402 - INFO - Successfully merged cells for DS204 LEC 2 on Wednesday
2025-04-11 14:54:04,402 - INFO - Successfully merged cells for CS310 TUT 1 on Wednesday
2025-04-11 14:54:04,403 - INFO - Successfully merged cells for HS206 LEC 1 on Wednesday
2025-04-11 14:54:04,403 - INFO - Successfully merged cells for DS205 LEC 1 on Wednesday
2025-04-11 14:54:04,404 - INFO - Successfully merged cells for MA202 TUT 1 on Thursday
2025-04-11 14:54:04,404 - INFO - Successfully merged cells for CS204 LEC 1 on Thursday
2025-04-11 14:54:04,405 - INFO - Successfully merged cells for CS310 LAB on Thursday
2025-04-11 14:54:04,406 - INFO - Successfully merged cells for CS310 LEC 1 on Friday
2025-04-11 14:54:04,407 - INFO - Successfully merged cells for MA202 LEC 1 on Friday
2025-04-11 14:54:04,408 - INFO - Successfully merged cells for CS204 LEC 2 on Friday
2025-04-11 14:54:04,409 - INFO - Processing DSAI semester 6A with 8 courses
2025-04-11 14:54:04,415 - INFO - Successfully merged cells for DS309 LEC 1 on Monday
2025-04-11 14:54:04,416 - INFO - Successfully merged cells for DS307 LEC 2 on Monday
2025-04-11 14:54:04,417 - INFO - Successfully merged cells for B1 TUT 1 on Monday
2025-04-11 14:54:04,417 - INFO - Successfully merged cells for B2 TUT 1 on Monday
2025-04-11 14:54:04,418 - INFO - Successfully merged cells for DS307 TUT 1 on Tuesday
2025-04-11 14:54:04,418 - INFO - Successfully merged cells for DS309 LEC 2 on Tuesday
2025-04-11 14:54:04,419 - INFO - Successfully merged cells for B1 LEC 1 on Tuesday
2025-04-11 14:54:04,420 - INFO - Successfully merged cells for DS306 LEC 1 on Wednesday
2025-04-11 14:54:04,420 - INFO - Successfully merged cells for DS308 LEC 1 on Wednesday
2025-04-11 14:54:04,421 - INFO - Successfully merged cells for B2 LEC 1 on Wednesday
2025-04-11 14:54:04,422 - INFO - Successfully merged cells for DS306 LEC 2 on Thursday
2025-04-11 14:54:04,423 - INFO - Successfully merged cells for DS308 LEC 2 on Thursday
2025-04-11 14:54:04,423 - INFO - Successfully merged cells for B2 LEC 2 on Thursday
2025-04-11 14:54:04,424 - INFO - Successfully merged cells for DS307 LEC 1 on Friday
2025-04-11 14:54:04,424 - INFO - Successfully merged cells for DS308 TUT 1 on Friday
2025-04-11 14:54:04,425 - INFO - Successfully merged cells for B1 LEC 2 on Friday
2025-04-11 14:54:04,427 - INFO - Processing department: ECE with 4 semester groups
2025-04-11 14:54:04,428 - INFO - Processing ECE semester 2A with 8 courses
2025-04-11 14:54:04,434 - INFO - Successfully merged cells for EC2ACA LEC 1 on Monday
2025-04-11 14:54:04,435 - INFO - Successfully merged cells for EC2ANA LEC 1 on Monday
2025-04-11 14:54:04,437 - INFO - Successfully merged cells for EC2ADSA LAB on Monday
2025-04-11 14:54:04,437 - INFO - Successfully merged cells for B2(New/New/New/New/New) LEC 1 on Monday
2025-04-11 14:54:04,438 - INFO - Successfully merged cells for EC2ADSA LEC 1 on Tuesday
2025-04-11 14:54:04,438 - INFO - Successfully merged cells for EC2ALA TUT 1 on Tuesday
2025-04-11 14:54:04,439 - INFO - Successfully merged cells for EC2ACA LEC 2 on Tuesday
2025-04-11 14:54:04,440 - INFO - Successfully merged cells for EC2ANA TUT 1 on Tuesday
2025-04-11 14:54:04,440 - INFO - Successfully merged cells for B2(New/New/New/New/New) TUT 1 on Tuesday
2025-04-11 14:54:04,441 - INFO - Successfully merged cells for EC2ADSA LEC 2 on Wednesday
2025-04-11 14:54:04,441 - INFO - Successfully merged cells for EC2AO LEC 1 on Wednesday
2025-04-11 14:54:04,443 - INFO - Successfully merged cells for EC2AELA LEC 1 on Wednesday
2025-04-11 14:54:04,446 - INFO - Successfully merged cells for B1(ASD151/HS151/New/New/New/New) LEC 1 on Wednesday
2025-04-11 14:54:04,446 - INFO - Successfully merged cells for EC2ALA LEC 1 on Thursday
2025-04-11 14:54:04,447 - INFO - Successfully merged cells for EC2AO LEC 2 on Thursday
2025-04-11 14:54:04,447 - INFO - Successfully merged cells for EC2AELA LEC 2 on Thursday
2025-04-11 14:54:04,448 - INFO - Successfully merged cells for B1(ASD151/HS151/New/New/New/New) TUT 1 on Thursday
2025-04-11 14:54:04,449 - INFO - Successfully merged cells for EC2ALA LEC 2 on Friday
2025-04-11 14:54:04,449 - INFO - Successfully merged cells for EC2AO TUT 1 on Friday
2025-04-11 14:54:04,450 - INFO - Successfully merged cells for EC2ACA TUT 1 on Friday
2025-04-11 14:54:04,451 - INFO - Successfully merged cells for EC2ANA LEC 2 on Friday
2025-04-11 14:54:04,451 - INFO - Successfully merged cells for B2(New/New/New/New/New) TUT 2 on Friday
2025-04-11 14:54:04,453 - INFO - Processing ECE semester 4A with 6 courses
2025-04-11 14:54:04,459 - INFO - Successfully merged cells for MA208 LEC 2 on Monday
2025-04-11 14:54:04,459 - INFO - Successfully merged cells for HS204 LEC 2 on Monday
2025-04-11 14:54:04,460 - INFO - Successfully merged cells for EC205 LAB on Monday
2025-04-11 14:54:04,461 - INFO - Successfully merged cells for EC205 LEC 1 on Tuesday
2025-04-11 14:54:04,461 - INFO - Successfully merged cells for EC204 LEC 2 on Tuesday
2025-04-11 14:54:04,462 - INFO - Successfully merged cells for EC310 LEC 2 on Tuesday
2025-04-11 14:54:04,463 - INFO - Successfully merged cells for EC205 LEC 2 on Wednesday
2025-04-11 14:54:04,464 - INFO - Successfully merged cells for EC204 TUT 1 on Wednesday
2025-04-11 14:54:04,465 - INFO - Successfully merged cells for EC310 LEC 1 on Wednesday
2025-04-11 14:54:04,465 - INFO - Successfully merged cells for HS204 TUT 1 on Wednesday
2025-04-11 14:54:04,466 - INFO - Successfully merged cells for MA208 TUT 1 on Thursday
2025-04-11 14:54:04,466 - INFO - Successfully merged cells for EC310 TUT 1 on Thursday
2025-04-11 14:54:04,467 - INFO - Successfully merged cells for EC204 LAB on Thursday
2025-04-11 14:54:04,468 - INFO - Successfully merged cells for HS205 LEC 1 on Thursday
2025-04-11 14:54:04,468 - INFO - Successfully merged cells for EC204 LEC 1 on Friday
2025-04-11 14:54:04,469 - INFO - Successfully merged cells for MA208 LEC 1 on Friday
2025-04-11 14:54:04,470 - INFO - Successfully merged cells for HS204 LEC 1 on Friday
2025-04-11 14:54:04,471 - INFO - Successfully merged cells for HS205 LEC 2 on Friday
2025-04-11 14:54:04,472 - INFO - Processing ECE semester 6A with 6 courses
2025-04-11 14:54:04,478 - INFO - Successfully merged cells for B3 LEC 1 on Monday
2025-04-11 14:54:04,479 - INFO - Successfully merged cells for B4 TUT 1 on Monday
2025-04-11 14:54:04,481 - INFO - Successfully merged cells for CS307 LAB on Monday
2025-04-11 14:54:04,481 - INFO - Successfully merged cells for B1 TUT 1 on Tuesday
2025-04-11 14:54:04,482 - INFO - Successfully merged cells for CS307 LEC 1 on Tuesday
2025-04-11 14:54:04,483 - INFO - Successfully merged cells for B3 LEC 2 on Tuesday
2025-04-11 14:54:04,484 - INFO - Successfully merged cells for B2 LEC 1 on Wednesday
2025-04-11 14:54:04,485 - INFO - Successfully merged cells for B4 LEC 1 on Wednesday
2025-04-11 14:54:04,487 - INFO - Successfully merged cells for CS307 LEC 2 on Wednesday
2025-04-11 14:54:04,488 - INFO - Successfully merged cells for B1 LEC 1 on Thursday
2025-04-11 14:54:04,489 - INFO - Successfully merged cells for B2 LEC 2 on Thursday
2025-04-11 14:54:04,492 - INFO - Successfully merged cells for B4 LEC 2 on Thursday
2025-04-11 14:54:04,495 - INFO - Successfully merged cells for B1 LEC 2 on Friday
2025-04-11 14:54:04,495 - INFO - Successfully merged cells for B2 TUT 1 on Friday
2025-04-11 14:54:04,497 - INFO - Successfully merged cells for B3 TUT 1 on Friday
2025-04-11 14:54:04,499 - INFO - Processing ECE semester 8A with 1 courses
2025-04-11 14:54:04,606 - INFO - Final timetables saved to improved_timetables.xlsx
2025-04-11 14:54:04,607 - INFO - Successfully scheduled 217 out of 217 courses (100.00%)
2025-04-11 15:19:41,159 - INFO - Generated 19 time slots from 09:00:00 to 18:30:00
2025-04-11 15:19:41,220 - INFO - Successfully loaded data from combined.xlsx
2025-04-11 15:19:41,232 - INFO - Generated course code EC2ALA for Linear Algebra
2025-04-11 15:19:41,232 - INFO - Generated course code EC2AO for Optimization
2025-04-11 15:19:41,233 - INFO - Generated course code EC2ACA for Computer Architecture
2025-04-11 15:19:41,233 - INFO - Generated course code EC2AELA for English Language and Communication
2025-04-11 15:19:41,234 - INFO - Generated course code EC2ADSA for Data Structures and Algorithms
2025-04-11 15:19:41,234 - INFO - Generated course code EC2ANA for Network Analysis
2025-04-11 15:19:41,237 - INFO - Assigned temporary classroom TBD_DSAI_2A for Optimization
2025-04-11 15:19:41,238 - INFO - Assigned temporary classroom TBD_DSAI_2A for Computer Architecture
2025-04-11 15:19:41,239 - INFO - Assigned temporary classroom TBD_DSAI_2A for Introduction to Digital VLSI Design/Photography101/Linux for Engineers/Data Science with Python/Introduction to Holistic Personality Development
2025-04-11 15:19:41,239 - INFO - Assigned temporary classroom TBD_ECE_2A for Optimization
2025-04-11 15:19:41,240 - INFO - Assigned temporary classroom TBD_ECE_2A for Computer Architecture
2025-04-11 15:19:41,240 - INFO - Assigned temporary classroom TBD_ECE_2A for Introduction to Digital VLSI Design/Photography101/Linux for Engineers/Data Science with Python/Introduction to Holistic Personality Development
2025-04-11 15:19:41,246 - INFO - Found 3 departments to process
2025-04-11 15:19:41,252 - INFO - Processing department: CSE with 7 semester groups
2025-04-11 15:19:41,253 - INFO - Processing CSE semester 2A with 7 courses
2025-04-11 15:19:41,254 - INFO - Scheduled lunch break on Monday at 13:00-14:00
2025-04-11 15:19:41,254 - INFO - Scheduled lunch break on Tuesday at 12:30-13:30
2025-04-11 15:19:41,255 - INFO - Scheduled lunch break on Wednesday at 13:00-14:00
2025-04-11 15:19:41,255 - INFO - Scheduled lunch break on Thursday at 13:30-14:30
2025-04-11 15:19:41,255 - INFO - Scheduled lunch break on Friday at 12:30-13:30
2025-04-11 15:19:41,262 - INFO - Successfully merged cells for TUT 1 on Monday
2025-04-11 15:19:41,263 - INFO - Successfully merged cells for LAB on Monday
2025-04-11 15:19:41,264 - INFO - Successfully merged cells for LUNCH on Monday
2025-04-11 15:19:41,264 - INFO - Successfully merged cells for LEC 2 on Monday
2025-04-11 15:19:41,265 - INFO - Successfully merged cells for TUT 1 on Monday
2025-04-11 15:19:41,266 - INFO - Successfully merged cells for LEC 1 on Tuesday
2025-04-11 15:19:41,266 - INFO - Successfully merged cells for LEC 2 on Tuesday
2025-04-11 15:19:41,267 - INFO - Successfully merged cells for LUNCH on Tuesday
2025-04-11 15:19:41,267 - INFO - Successfully merged cells for TUT 1 on Tuesday
2025-04-11 15:19:41,268 - INFO - Successfully merged cells for LEC 2 on Tuesday
2025-04-11 15:19:41,268 - INFO - Successfully merged cells for LEC 2 on Wednesday
2025-04-11 15:19:41,268 - INFO - Successfully merged cells for LEC 1 on Wednesday
2025-04-11 15:19:41,269 - INFO - Successfully merged cells for LUNCH on Wednesday
2025-04-11 15:19:41,270 - INFO - Successfully merged cells for LEC 1 on Wednesday
2025-04-11 15:19:41,270 - INFO - Successfully merged cells for LEC 1 on Wednesday
2025-04-11 15:19:41,271 - INFO - Successfully merged cells for LEC 1 on Thursday
2025-04-11 15:19:41,271 - INFO - Successfully merged cells for LAB on Thursday
2025-04-11 15:19:41,272 - INFO - Successfully merged cells for LUNCH on Thursday
2025-04-11 15:19:41,272 - INFO - Successfully merged cells for LEC 1 on Thursday
2025-04-11 15:19:41,273 - INFO - Successfully merged cells for TUT 1 on Thursday
2025-04-11 15:19:41,274 - INFO - Successfully merged cells for LEC 1 on Friday
2025-04-11 15:19:41,274 - INFO - Successfully merged cells for LEC 2 on Friday
2025-04-11 15:19:41,275 - INFO - Successfully merged cells for LUNCH on Friday
2025-04-11 15:19:41,275 - INFO - Successfully merged cells for LEC 2 on Friday
2025-04-11 15:19:41,275 - INFO - Successfully merged cells for LEC 2 on Friday
2025-04-11 15:19:41,277 - INFO - Processing CSE semester 2B with 7 courses
2025-04-11 15:19:41,278 - INFO - Scheduled lunch break on Monday at 12:30-13:30
2025-04-11 15:19:41,278 - INFO - Scheduled lunch break on Tuesday at 13:00-14:00
2025-04-11 15:19:41,278 - INFO - Scheduled lunch break on Wednesday at 13:00-14:00
2025-04-11 15:19:41,278 - INFO - Scheduled lunch break on Thursday at 13:30-14:30
2025-04-11 15:19:41,279 - INFO - Scheduled lunch break on Friday at 13:00-14:00
2025-04-11 15:19:41,287 - INFO - Successfully merged cells for LEC 2 on Monday
2025-04-11 15:19:41,288 - INFO - Successfully merged cells for TUT 1 on Monday
2025-04-11 15:19:41,289 - INFO - Successfully merged cells for LUNCH on Monday
2025-04-11 15:19:41,290 - INFO - Successfully merged cells for LAB on Monday
2025-04-11 15:19:41,291 - INFO - Successfully merged cells for TUT 1 on Monday
2025-04-11 15:19:41,292 - INFO - Successfully merged cells for LEC 1 on Tuesday
2025-04-11 15:19:41,293 - INFO - Successfully merged cells for TUT 1 on Tuesday
2025-04-11 15:19:41,294 - INFO - Successfully merged cells for LUNCH on Tuesday
2025-04-11 15:19:41,295 - INFO - Successfully merged cells for LEC 2 on Tuesday
2025-04-11 15:19:41,295 - INFO - Successfully merged cells for LEC 2 on Tuesday
2025-04-11 15:19:41,296 - INFO - Successfully merged cells for LEC 2 on Wednesday
2025-04-11 15:19:41,297 - INFO - Successfully merged cells for LEC 1 on Wednesday
2025-04-11 15:19:41,298 - INFO - Successfully merged cells for LUNCH on Wednesday
2025-04-11 15:19:41,299 - INFO - Successfully merged cells for LEC 1 on Wednesday
2025-04-11 15:19:41,300 - INFO - Successfully merged cells for LEC 1 on Wednesday
2025-04-11 15:19:41,301 - INFO - Successfully merged cells for LEC 1 on Thursday
2025-04-11 15:19:41,302 - INFO - Successfully merged cells for LEC 1 on Thursday
2025-04-11 15:19:41,303 - INFO - Successfully merged cells for TUT 1 on Thursday
2025-04-11 15:19:41,304 - INFO - Successfully merged cells for LUNCH on Thursday
2025-04-11 15:19:41,305 - INFO - Successfully merged cells for LAB on Thursday
2025-04-11 15:19:41,306 - INFO - Successfully merged cells for LEC 2 on Friday
2025-04-11 15:19:41,307 - INFO - Successfully merged cells for LEC 1 on Friday
2025-04-11 15:19:41,308 - INFO - Successfully merged cells for LUNCH on Friday
2025-04-11 15:19:41,308 - INFO - Successfully merged cells for LEC 2 on Friday
2025-04-11 15:19:41,309 - INFO - Successfully merged cells for LEC 2 on Friday
2025-04-11 15:19:41,312 - INFO - Processing CSE semester 4A with 6 courses
2025-04-11 15:19:41,312 - INFO - Scheduled lunch break on Monday at 13:30-14:30
2025-04-11 15:19:41,313 - INFO - Scheduled lunch break on Tuesday at 13:00-14:00
2025-04-11 15:19:41,314 - INFO - Scheduled lunch break on Wednesday at 12:30-13:30
2025-04-11 15:19:41,314 - INFO - Scheduled lunch break on Thursday at 13:00-14:00
2025-04-11 15:19:41,315 - INFO - Scheduled lunch break on Friday at 13:00-14:00
2025-04-11 15:19:41,321 - INFO - Successfully merged cells for LEC 1 on Monday
2025-04-11 15:19:41,322 - INFO - Successfully merged cells for LAB on Monday
2025-04-11 15:19:41,323 - INFO - Successfully merged cells for LUNCH on Monday
2025-04-11 15:19:41,323 - INFO - Successfully merged cells for TUT 1 on Monday
2025-04-11 15:19:41,324 - INFO - Successfully merged cells for LEC 1 on Monday
2025-04-11 15:19:41,325 - INFO - Successfully merged cells for LEC 1 on Tuesday
2025-04-11 15:19:41,326 - INFO - Successfully merged cells for LEC 2 on Tuesday
2025-04-11 15:19:41,327 - INFO - Successfully merged cells for LUNCH on Tuesday
2025-04-11 15:19:41,328 - INFO - Successfully merged cells for LEC 2 on Tuesday
2025-04-11 15:19:41,328 - INFO - Successfully merged cells for LEC 2 on Tuesday
2025-04-11 15:19:41,329 - INFO - Successfully merged cells for LEC 2 on Wednesday
2025-04-11 15:19:41,330 - INFO - Successfully merged cells for TUT 1 on Wednesday
2025-04-11 15:19:41,330 - INFO - Successfully merged cells for LUNCH on Wednesday
2025-04-11 15:19:41,330 - INFO - Successfully merged cells for TUT 1 on Wednesday
2025-04-11 15:19:41,330 - INFO - Successfully merged cells for LEC 1 on Wednesday
2025-04-11 15:19:41,331 - INFO - Successfully merged cells for TUT 1 on Thursday
2025-04-11 15:19:41,332 - INFO - Successfully merged cells for LEC 1 on Thursday
2025-04-11 15:19:41,332 - INFO - Successfully merged cells for LUNCH on Thursday
2025-04-11 15:19:41,333 - INFO - Successfully merged cells for LEC 1 on Thursday
2025-04-11 15:19:41,334 - INFO - Successfully merged cells for TUT 1 on Thursday
2025-04-11 15:19:41,335 - INFO - Successfully merged cells for LEC 2 on Friday
2025-04-11 15:19:41,335 - INFO - Successfully merged cells for LAB on Friday
2025-04-11 15:19:41,336 - INFO - Successfully merged cells for LUNCH on Friday
2025-04-11 15:19:41,336 - INFO - Successfully merged cells for LEC 2 on Friday
2025-04-11 15:19:41,338 - INFO - Processing CSE semester 4B with 6 courses
2025-04-11 15:19:41,339 - INFO - Scheduled lunch break on Monday at 13:30-14:30
2025-04-11 15:19:41,339 - INFO - Scheduled lunch break on Tuesday at 13:00-14:00
2025-04-11 15:19:41,340 - INFO - Scheduled lunch break on Wednesday at 13:00-14:00
2025-04-11 15:19:41,340 - INFO - Scheduled lunch break on Thursday at 13:30-14:30
2025-04-11 15:19:41,340 - INFO - Scheduled lunch break on Friday at 13:30-14:30
2025-04-11 15:19:41,345 - INFO - Successfully merged cells for TUT 1 on Monday
2025-04-11 15:19:41,346 - INFO - Successfully merged cells for LAB on Monday
2025-04-11 15:19:41,346 - INFO - Successfully merged cells for LUNCH on Monday
2025-04-11 15:19:41,347 - INFO - Successfully merged cells for TUT 1 on Monday
2025-04-11 15:19:41,347 - INFO - Successfully merged cells for TUT 1 on Monday
2025-04-11 15:19:41,348 - INFO - Successfully merged cells for LEC 1 on Tuesday
2025-04-11 15:19:41,348 - INFO - Successfully merged cells for TUT 1 on Tuesday
2025-04-11 15:19:41,349 - INFO - Successfully merged cells for LUNCH on Tuesday
2025-04-11 15:19:41,349 - INFO - Successfully merged cells for LEC 1 on Tuesday
2025-04-11 15:19:41,350 - INFO - Successfully merged cells for LEC 1 on Tuesday
2025-04-11 15:19:41,350 - INFO - Successfully merged cells for LEC 2 on Wednesday
2025-04-11 15:19:41,351 - INFO - Successfully merged cells for LEC 1 on Wednesday
2025-04-11 15:19:41,351 - INFO - Successfully merged cells for LUNCH on Wednesday
2025-04-11 15:19:41,352 - INFO - Successfully merged cells for LEC 1 on Wednesday
2025-04-11 15:19:41,352 - INFO - Successfully merged cells for TUT 1 on Thursday
2025-04-11 15:19:41,353 - INFO - Successfully merged cells for LEC 2 on Thursday
2025-04-11 15:19:41,354 - INFO - Successfully merged cells for LUNCH on Thursday
2025-04-11 15:19:41,354 - INFO - Successfully merged cells for LEC 2 on Thursday
2025-04-11 15:19:41,355 - INFO - Successfully merged cells for LEC 2 on Thursday
2025-04-11 15:19:41,355 - INFO - Successfully merged cells for LEC 2 on Friday
2025-04-11 15:19:41,356 - INFO - Successfully merged cells for LEC 1 on Friday
2025-04-11 15:19:41,356 - INFO - Successfully merged cells for LUNCH on Friday
2025-04-11 15:19:41,357 - INFO - Successfully merged cells for LEC 2 on Friday
2025-04-11 15:19:41,358 - INFO - Processing CSE semester 6A with 6 courses
2025-04-11 15:19:41,358 - INFO - Scheduled lunch break on Monday at 13:00-14:00
2025-04-11 15:19:41,359 - INFO - Scheduled lunch break on Tuesday at 13:00-14:00
2025-04-11 15:19:41,359 - INFO - Scheduled lunch break on Wednesday at 13:00-14:00
2025-04-11 15:19:41,359 - INFO - Scheduled lunch break on Thursday at 13:00-14:00
2025-04-11 15:19:41,359 - INFO - Scheduled lunch break on Friday at 13:00-14:00
2025-04-11 15:19:41,364 - INFO - Successfully merged cells for LEC 1 on Monday
2025-04-11 15:19:41,365 - INFO - Successfully merged cells for LAB on Monday
2025-04-11 15:19:41,365 - INFO - Successfully merged cells for LUNCH on Monday
2025-04-11 15:19:41,365 - INFO - Successfully merged cells for TUT 1 on Monday
2025-04-11 15:19:41,366 - INFO - Successfully merged cells for LEC 1 on Tuesday
2025-04-11 15:19:41,366 - INFO - Successfully merged cells for TUT 1 on Tuesday
2025-04-11 15:19:41,367 - INFO - Successfully merged cells for LUNCH on Tuesday
2025-04-11 15:19:41,368 - INFO - Successfully merged cells for LEC 2 on Tuesday
2025-04-11 15:19:41,369 - INFO - Successfully merged cells for LEC 2 on Wednesday
2025-04-11 15:19:41,369 - INFO - Successfully merged cells for LEC 1 on Wednesday
2025-04-11 15:19:41,370 - INFO - Successfully merged cells for LUNCH on Wednesday
2025-04-11 15:19:41,370 - INFO - Successfully merged cells for LEC 1 on Wednesday
2025-04-11 15:19:41,371 - INFO - Successfully merged cells for LEC 1 on Thursday
2025-04-11 15:19:41,371 - INFO - Successfully merged cells for LEC 2 on Thursday
2025-04-11 15:19:41,372 - INFO - Successfully merged cells for LUNCH on Thursday
2025-04-11 15:19:41,372 - INFO - Successfully merged cells for LEC 2 on Thursday
2025-04-11 15:19:41,373 - INFO - Successfully merged cells for LEC 2 on Friday
2025-04-11 15:19:41,373 - INFO - Successfully merged cells for TUT 1 on Friday
2025-04-11 15:19:41,374 - INFO - Successfully merged cells for TUT 1 on Friday
2025-04-11 15:19:41,374 - INFO - Successfully merged cells for LUNCH on Friday
2025-04-11 15:19:41,377 - INFO - Processing CSE semester 6B with 6 courses
2025-04-11 15:19:41,378 - INFO - Scheduled lunch break on Monday at 13:30-14:30
2025-04-11 15:19:41,378 - INFO - Scheduled lunch break on Tuesday at 13:00-14:00
2025-04-11 15:19:41,378 - INFO - Scheduled lunch break on Wednesday at 13:00-14:00
2025-04-11 15:19:41,378 - INFO - Scheduled lunch break on Thursday at 13:00-14:00
2025-04-11 15:19:41,378 - INFO - Scheduled lunch break on Friday at 13:00-14:00
2025-04-11 15:19:41,383 - INFO - Successfully merged cells for TUT 1 on Monday
2025-04-11 15:19:41,383 - INFO - Successfully merged cells for LAB on Monday
2025-04-11 15:19:41,384 - INFO - Successfully merged cells for LUNCH on Monday
2025-04-11 15:19:41,384 - INFO - Successfully merged cells for LEC 1 on Monday
2025-04-11 15:19:41,385 - INFO - Successfully merged cells for LEC 1 on Tuesday
2025-04-11 15:19:41,386 - INFO - Successfully merged cells for TUT 1 on Tuesday
2025-04-11 15:19:41,386 - INFO - Successfully merged cells for LUNCH on Tuesday
2025-04-11 15:19:41,386 - INFO - Successfully merged cells for LEC 2 on Tuesday
2025-04-11 15:19:41,387 - INFO - Successfully merged cells for LEC 2 on Wednesday
2025-04-11 15:19:41,388 - INFO - Successfully merged cells for LEC 1 on Wednesday
2025-04-11 15:19:41,389 - INFO - Successfully merged cells for LUNCH on Wednesday
2025-04-11 15:19:41,389 - INFO - Successfully merged cells for LEC 1 on Wednesday
2025-04-11 15:19:41,392 - INFO - Successfully merged cells for LEC 2 on Thursday
2025-04-11 15:19:41,392 - INFO - Successfully merged cells for LEC 1 on Thursday
2025-04-11 15:19:41,393 - INFO - Successfully merged cells for LUNCH on Thursday
2025-04-11 15:19:41,393 - INFO - Successfully merged cells for LEC 2 on Thursday
2025-04-11 15:19:41,394 - INFO - Successfully merged cells for TUT 1 on Friday
2025-04-11 15:19:41,394 - INFO - Successfully merged cells for LEC 2 on Friday
2025-04-11 15:19:41,395 - INFO - Successfully merged cells for LUNCH on Friday
2025-04-11 15:19:41,395 - INFO - Successfully merged cells for TUT 1 on Friday
2025-04-11 15:19:41,398 - INFO - Processing CSE semester 8A with 1 courses
2025-04-11 15:19:41,398 - INFO - Scheduled lunch break on Monday at 13:00-14:00
2025-04-11 15:19:41,399 - INFO - Scheduled lunch break on Tuesday at 13:00-14:00
2025-04-11 15:19:41,399 - INFO - Scheduled lunch break on Wednesday at 12:30-13:30
2025-04-11 15:19:41,399 - INFO - Scheduled lunch break on Thursday at 12:30-13:30
2025-04-11 15:19:41,399 - INFO - Scheduled lunch break on Friday at 12:30-13:30
2025-04-11 15:19:41,403 - INFO - Successfully merged cells for LUNCH on Monday
2025-04-11 15:19:41,407 - INFO - Successfully merged cells for LUNCH on Tuesday
2025-04-11 15:19:41,410 - INFO - Successfully merged cells for LUNCH on Wednesday
2025-04-11 15:19:41,412 - INFO - Successfully merged cells for LUNCH on Thursday
2025-04-11 15:19:41,414 - INFO - Successfully merged cells for LUNCH on Friday
2025-04-11 15:19:41,416 - INFO - Processing department: DSAI with 3 semester groups
2025-04-11 15:19:41,417 - INFO - Processing DSAI semester 2A with 8 courses
2025-04-11 15:19:41,418 - INFO - Scheduled lunch break on Monday at 12:30-13:30
2025-04-11 15:19:41,418 - INFO - Scheduled lunch break on Tuesday at 13:00-14:00
2025-04-11 15:19:41,418 - INFO - Scheduled lunch break on Wednesday at 13:30-14:30
2025-04-11 15:19:41,419 - INFO - Scheduled lunch break on Thursday at 13:00-14:00
2025-04-11 15:19:41,419 - INFO - Scheduled lunch break on Friday at 13:00-14:00
2025-04-11 15:19:41,425 - INFO - Successfully merged cells for TUT 1 on Monday
2025-04-11 15:19:41,426 - INFO - Successfully merged cells for LEC 2 on Monday
2025-04-11 15:19:41,426 - INFO - Successfully merged cells for LUNCH on Monday
2025-04-11 15:19:41,427 - INFO - Successfully merged cells for LAB on Monday
2025-04-11 15:19:41,427 - INFO - Successfully merged cells for LEC 2 on Monday
2025-04-11 15:19:41,428 - INFO - Successfully merged cells for LEC 1 on Tuesday
2025-04-11 15:19:41,428 - INFO - Successfully merged cells for LEC 2 on Tuesday
2025-04-11 15:19:41,428 - INFO - Successfully merged cells for LUNCH on Tuesday
2025-04-11 15:19:41,429 - INFO - Successfully merged cells for TUT 1 on Tuesday
2025-04-11 15:19:41,429 - INFO - Successfully merged cells for LEC 1 on Tuesday
2025-04-11 15:19:41,430 - INFO - Successfully merged cells for TUT 1 on Tuesday
2025-04-11 15:19:41,431 - INFO - Successfully merged cells for LEC 2 on Wednesday
2025-04-11 15:19:41,431 - INFO - Successfully merged cells for LEC 1 on Wednesday
2025-04-11 15:19:41,432 - INFO - Successfully merged cells for LUNCH on Wednesday
2025-04-11 15:19:41,433 - INFO - Successfully merged cells for LEC 1 on Wednesday
2025-04-11 15:19:41,433 - INFO - Successfully merged cells for LEC 1 on Wednesday
2025-04-11 15:19:41,434 - INFO - Successfully merged cells for LEC 1 on Thursday
2025-04-11 15:19:41,434 - INFO - Successfully merged cells for LAB on Thursday
2025-04-11 15:19:41,434 - INFO - Successfully merged cells for LUNCH on Thursday
2025-04-11 15:19:41,435 - INFO - Successfully merged cells for TUT 1 on Thursday
2025-04-11 15:19:41,435 - INFO - Successfully merged cells for TUT 1 on Thursday
2025-04-11 15:19:41,435 - INFO - Successfully merged cells for TUT 2 on Thursday
2025-04-11 15:19:41,436 - INFO - Successfully merged cells for LEC 1 on Friday
2025-04-11 15:19:41,436 - INFO - Successfully merged cells for LEC 2 on Friday
2025-04-11 15:19:41,438 - INFO - Successfully merged cells for LUNCH on Friday
2025-04-11 15:19:41,440 - INFO - Successfully merged cells for LEC 2 on Friday
2025-04-11 15:19:41,441 - INFO - Successfully merged cells for LEC 1 on Friday
2025-04-11 15:19:41,444 - INFO - Processing DSAI semester 4A with 6 courses
2025-04-11 15:19:41,445 - INFO - Scheduled lunch break on Monday at 13:30-14:30
2025-04-11 15:19:41,446 - INFO - Scheduled lunch break on Tuesday at 13:00-14:00
2025-04-11 15:19:41,446 - INFO - Scheduled lunch break on Wednesday at 12:30-13:30
2025-04-11 15:19:41,447 - INFO - Scheduled lunch break on Thursday at 13:00-14:00
2025-04-11 15:19:41,448 - INFO - Scheduled lunch break on Friday at 12:30-13:30
2025-04-11 15:19:41,458 - INFO - Successfully merged cells for LEC 2 on Monday
2025-04-11 15:19:41,460 - INFO - Successfully merged cells for LAB on Monday
2025-04-11 15:19:41,461 - INFO - Successfully merged cells for LUNCH on Monday
2025-04-11 15:19:41,462 - INFO - Successfully merged cells for TUT 1 on Monday
2025-04-11 15:19:41,463 - INFO - Successfully merged cells for LEC 2 on Monday
2025-04-11 15:19:41,463 - INFO - Successfully merged cells for LEC 1 on Tuesday
2025-04-11 15:19:41,464 - INFO - Successfully merged cells for LEC 2 on Tuesday
2025-04-11 15:19:41,464 - INFO - Successfully merged cells for LUNCH on Tuesday
2025-04-11 15:19:41,465 - INFO - Successfully merged cells for LEC 2 on Tuesday
2025-04-11 15:19:41,468 - INFO - Successfully merged cells for LEC 2 on Wednesday
2025-04-11 15:19:41,470 - INFO - Successfully merged cells for TUT 1 on Wednesday
2025-04-11 15:19:41,471 - INFO - Successfully merged cells for LUNCH on Wednesday
2025-04-11 15:19:41,474 - INFO - Successfully merged cells for LEC 1 on Wednesday
2025-04-11 15:19:41,475 - INFO - Successfully merged cells for LEC 1 on Wednesday
2025-04-11 15:19:41,477 - INFO - Successfully merged cells for TUT 1 on Thursday
2025-04-11 15:19:41,478 - INFO - Successfully merged cells for LAB on Thursday
2025-04-11 15:19:41,480 - INFO - Successfully merged cells for LUNCH on Thursday
2025-04-11 15:19:41,481 - INFO - Successfully merged cells for LEC 1 on Thursday
2025-04-11 15:19:41,483 - INFO - Successfully merged cells for LEC 1 on Friday
2025-04-11 15:19:41,484 - INFO - Successfully merged cells for LEC 1 on Friday
2025-04-11 15:19:41,485 - INFO - Successfully merged cells for LUNCH on Friday
2025-04-11 15:19:41,486 - INFO - Successfully merged cells for LEC 2 on Friday
2025-04-11 15:19:41,490 - INFO - Processing DSAI semester 6A with 8 courses
2025-04-11 15:19:41,491 - INFO - Scheduled lunch break on Monday at 13:00-14:00
2025-04-11 15:19:41,491 - INFO - Scheduled lunch break on Tuesday at 13:00-14:00
2025-04-11 15:19:41,491 - INFO - Scheduled lunch break on Wednesday at 13:00-14:00
2025-04-11 15:19:41,492 - INFO - Scheduled lunch break on Thursday at 13:00-14:00
2025-04-11 15:19:41,492 - INFO - Scheduled lunch break on Friday at 13:00-14:00
2025-04-11 15:19:41,497 - INFO - Successfully merged cells for LEC 1 on Monday
2025-04-11 15:19:41,498 - INFO - Successfully merged cells for LEC 2 on Monday
2025-04-11 15:19:41,498 - INFO - Successfully merged cells for LUNCH on Monday
2025-04-11 15:19:41,499 - INFO - Successfully merged cells for TUT 1 on Monday
2025-04-11 15:19:41,500 - INFO - Successfully merged cells for TUT 1 on Monday
2025-04-11 15:19:41,501 - INFO - Successfully merged cells for TUT 1 on Tuesday
2025-04-11 15:19:41,501 - INFO - Successfully merged cells for LEC 2 on Tuesday
2025-04-11 15:19:41,502 - INFO - Successfully merged cells for LUNCH on Tuesday
2025-04-11 15:19:41,502 - INFO - Successfully merged cells for LEC 1 on Tuesday
2025-04-11 15:19:41,503 - INFO - Successfully merged cells for LEC 1 on Wednesday
2025-04-11 15:19:41,503 - INFO - Successfully merged cells for LEC 1 on Wednesday
2025-04-11 15:19:41,504 - INFO - Successfully merged cells for LUNCH on Wednesday
2025-04-11 15:19:41,505 - INFO - Successfully merged cells for LEC 1 on Wednesday
2025-04-11 15:19:41,505 - INFO - Successfully merged cells for LEC 2 on Thursday
2025-04-11 15:19:41,506 - INFO - Successfully merged cells for LEC 2 on Thursday
2025-04-11 15:19:41,507 - INFO - Successfully merged cells for LUNCH on Thursday
2025-04-11 15:19:41,507 - INFO - Successfully merged cells for LEC 2 on Thursday
2025-04-11 15:19:41,508 - INFO - Successfully merged cells for LEC 1 on Friday
2025-04-11 15:19:41,509 - INFO - Successfully merged cells for TUT 1 on Friday
2025-04-11 15:19:41,509 - INFO - Successfully merged cells for LUNCH on Friday
2025-04-11 15:19:41,510 - INFO - Successfully merged cells for LEC 2 on Friday
2025-04-11 15:19:41,511 - INFO - Processing department: ECE with 4 semester groups
2025-04-11 15:19:41,512 - INFO - Processing ECE semester 2A with 8 courses
2025-04-11 15:19:41,513 - INFO - Scheduled lunch break on Monday at 12:30-13:30
2025-04-11 15:19:41,514 - INFO - Scheduled lunch break on Tuesday at 12:30-13:30
2025-04-11 15:19:41,514 - INFO - Scheduled lunch break on Wednesday at 12:30-13:30
2025-04-11 15:19:41,514 - INFO - Scheduled lunch break on Thursday at 13:30-14:30
2025-04-11 15:19:41,515 - INFO - Scheduled lunch break on Friday at 13:00-14:00
2025-04-11 15:19:41,521 - INFO - Successfully merged cells for LEC 1 on Monday
2025-04-11 15:19:41,523 - INFO - Successfully merged cells for LEC 1 on Monday
2025-04-11 15:19:41,524 - INFO - Successfully merged cells for LUNCH on Monday
2025-04-11 15:19:41,524 - INFO - Successfully merged cells for LEC 1 on Monday
2025-04-11 15:19:41,525 - INFO - Successfully merged cells for LAB on Monday
2025-04-11 15:19:41,526 - INFO - Successfully merged cells for LEC 1 on Tuesday
2025-04-11 15:19:41,526 - INFO - Successfully merged cells for TUT 1 on Tuesday
2025-04-11 15:19:41,527 - INFO - Successfully merged cells for LUNCH on Tuesday
2025-04-11 15:19:41,527 - INFO - Successfully merged cells for LEC 2 on Tuesday
2025-04-11 15:19:41,529 - INFO - Successfully merged cells for TUT 1 on Tuesday
2025-04-11 15:19:41,530 - INFO - Successfully merged cells for TUT 1 on Tuesday
2025-04-11 15:19:41,531 - INFO - Successfully merged cells for LEC 2 on Wednesday
2025-04-11 15:19:41,532 - INFO - Successfully merged cells for LEC 1 on Wednesday
2025-04-11 15:19:41,532 - INFO - Successfully merged cells for LUNCH on Wednesday
2025-04-11 15:19:41,533 - INFO - Successfully merged cells for LEC 1 on Wednesday
2025-04-11 15:19:41,533 - INFO - Successfully merged cells for TUT 1 on Wednesday
2025-04-11 15:19:41,535 - INFO - Successfully merged cells for LEC 1 on Thursday
2025-04-11 15:19:41,536 - INFO - Successfully merged cells for LEC 2 on Thursday
2025-04-11 15:19:41,537 - INFO - Successfully merged cells for LUNCH on Thursday
2025-04-11 15:19:41,538 - INFO - Successfully merged cells for LEC 2 on Thursday
2025-04-11 15:19:41,539 - INFO - Successfully merged cells for LEC 1 on Thursday
2025-04-11 15:19:41,539 - INFO - Successfully merged cells for LEC 2 on Friday
2025-04-11 15:19:41,539 - INFO - Successfully merged cells for TUT 1 on Friday
2025-04-11 15:19:41,540 - INFO - Successfully merged cells for TUT 1 on Friday
2025-04-11 15:19:41,541 - INFO - Successfully merged cells for LUNCH on Friday
2025-04-11 15:19:41,542 - INFO - Successfully merged cells for LEC 2 on Friday
2025-04-11 15:19:41,543 - INFO - Successfully merged cells for TUT 2 on Friday
2025-04-11 15:19:41,545 - INFO - Processing ECE semester 4A with 6 courses
2025-04-11 15:19:41,546 - INFO - Scheduled lunch break on Monday at 13:00-14:00
2025-04-11 15:19:41,546 - INFO - Scheduled lunch break on Tuesday at 13:00-14:00
2025-04-11 15:19:41,546 - INFO - Scheduled lunch break on Wednesday at 12:30-13:30
2025-04-11 15:19:41,546 - INFO - Scheduled lunch break on Thursday at 13:30-14:30
2025-04-11 15:19:41,546 - INFO - Scheduled lunch break on Friday at 12:30-13:30
2025-04-11 15:19:41,556 - INFO - Successfully merged cells for LEC 2 on Monday
2025-04-11 15:19:41,557 - INFO - Successfully merged cells for LAB on Monday
2025-04-11 15:19:41,557 - INFO - Successfully merged cells for LUNCH on Monday
2025-04-11 15:19:41,558 - INFO - Successfully merged cells for LEC 2 on Monday
2025-04-11 15:19:41,559 - INFO - Successfully merged cells for LEC 2 on Monday
2025-04-11 15:19:41,559 - INFO - Successfully merged cells for LEC 1 on Tuesday
2025-04-11 15:19:41,560 - INFO - Successfully merged cells for LEC 2 on Tuesday
2025-04-11 15:19:41,560 - INFO - Successfully merged cells for LUNCH on Tuesday
2025-04-11 15:19:41,560 - INFO - Successfully merged cells for LEC 2 on Tuesday
2025-04-11 15:19:41,561 - INFO - Successfully merged cells for LEC 2 on Wednesday
2025-04-11 15:19:41,564 - INFO - Successfully merged cells for TUT 1 on Wednesday
2025-04-11 15:19:41,566 - INFO - Successfully merged cells for LUNCH on Wednesday
2025-04-11 15:19:41,566 - INFO - Successfully merged cells for LEC 1 on Wednesday
2025-04-11 15:19:41,567 - INFO - Successfully merged cells for TUT 1 on Wednesday
2025-04-11 15:19:41,568 - INFO - Successfully merged cells for TUT 1 on Thursday
2025-04-11 15:19:41,568 - INFO - Successfully merged cells for LAB on Thursday
2025-04-11 15:19:41,569 - INFO - Successfully merged cells for LUNCH on Thursday
2025-04-11 15:19:41,570 - INFO - Successfully merged cells for TUT 1 on Thursday
2025-04-11 15:19:41,573 - INFO - Successfully merged cells for LEC 1 on Friday
2025-04-11 15:19:41,574 - INFO - Successfully merged cells for LEC 1 on Friday
2025-04-11 15:19:41,575 - INFO - Successfully merged cells for LUNCH on Friday
2025-04-11 15:19:41,576 - INFO - Successfully merged cells for LEC 1 on Friday
2025-04-11 15:19:41,578 - INFO - Successfully merged cells for LEC 1 on Friday
2025-04-11 15:19:41,584 - INFO - Processing ECE semester 6A with 6 courses
2025-04-11 15:19:41,585 - INFO - Scheduled lunch break on Monday at 13:00-14:00
2025-04-11 15:19:41,586 - INFO - Scheduled lunch break on Tuesday at 13:30-14:30
2025-04-11 15:19:41,586 - INFO - Scheduled lunch break on Wednesday at 13:30-14:30
2025-04-11 15:19:41,587 - INFO - Scheduled lunch break on Thursday at 12:30-13:30
2025-04-11 15:19:41,587 - INFO - Scheduled lunch break on Friday at 13:30-14:30
2025-04-11 15:19:41,600 - INFO - Successfully merged cells for LEC 1 on Monday
2025-04-11 15:19:41,601 - INFO - Successfully merged cells for TUT 1 on Monday
2025-04-11 15:19:41,601 - INFO - Successfully merged cells for LUNCH on Monday
2025-04-11 15:19:41,602 - INFO - Successfully merged cells for LAB on Monday
2025-04-11 15:19:41,603 - INFO - Successfully merged cells for TUT 1 on Tuesday
2025-04-11 15:19:41,603 - INFO - Successfully merged cells for LEC 1 on Tuesday
2025-04-11 15:19:41,605 - INFO - Successfully merged cells for LUNCH on Tuesday
2025-04-11 15:19:41,606 - INFO - Successfully merged cells for LEC 2 on Tuesday
2025-04-11 15:19:41,607 - INFO - Successfully merged cells for LEC 1 on Wednesday
2025-04-11 15:19:41,608 - INFO - Successfully merged cells for LEC 1 on Wednesday
2025-04-11 15:19:41,608 - INFO - Successfully merged cells for LUNCH on Wednesday
2025-04-11 15:19:41,609 - INFO - Successfully merged cells for LEC 2 on Wednesday
2025-04-11 15:19:41,609 - INFO - Successfully merged cells for LEC 1 on Thursday
2025-04-11 15:19:41,610 - INFO - Successfully merged cells for LEC 2 on Thursday
2025-04-11 15:19:41,610 - INFO - Successfully merged cells for LUNCH on Thursday
2025-04-11 15:19:41,611 - INFO - Successfully merged cells for LEC 2 on Thursday
2025-04-11 15:19:41,613 - INFO - Successfully merged cells for LEC 2 on Friday
2025-04-11 15:19:41,614 - INFO - Successfully merged cells for TUT 1 on Friday
2025-04-11 15:19:41,614 - INFO - Successfully merged cells for TUT 1 on Friday
2025-04-11 15:19:41,615 - INFO - Successfully merged cells for LUNCH on Friday
2025-04-11 15:19:41,616 - INFO - Processing ECE semester 8A with 1 courses
2025-04-11 15:19:41,617 - INFO - Scheduled lunch break on Monday at 13:00-14:00
2025-04-11 15:19:41,617 - INFO - Scheduled lunch break on Tuesday at 13:00-14:00
2025-04-11 15:19:41,618 - INFO - Scheduled lunch break on Wednesday at 12:30-13:30
2025-04-11 15:19:41,618 - INFO - Scheduled lunch break on Thursday at 13:00-14:00
2025-04-11 15:19:41,619 - INFO - Scheduled lunch break on Friday at 13:00-14:00
2025-04-11 15:19:41,623 - INFO - Successfully merged cells for LUNCH on Monday
2025-04-11 15:19:41,627 - INFO - Successfully merged cells for LUNCH on Tuesday
2025-04-11 15:19:41,629 - INFO - Successfully merged cells for LUNCH on Wednesday
2025-04-11 15:19:41,630 - INFO - Successfully merged cells for LUNCH on Thursday
2025-04-11 15:19:41,632 - INFO - Successfully merged cells for LUNCH on Friday
2025-04-11 15:19:41,740 - INFO - Final timetables saved to improved_timetables.xlsx
2025-04-11 15:19:41,742 - INFO - Successfully scheduled 217 out of 217 courses (100.00%)
2025-04-11 15:19:57,443 - INFO - Generated 19 time slots from 09:00:00 to 18:30:00
2025-04-11 15:19:57,507 - INFO - Successfully loaded data from combined.xlsx
2025-04-11 15:19:57,511 - INFO - Generated course code EC2ALA for Linear Algebra
2025-04-11 15:19:57,512 - INFO - Generated course code EC2AO for Optimization
2025-04-11 15:19:57,512 - INFO - Generated course code EC2ACA for Computer Architecture
2025-04-11 15:19:57,513 - INFO - Generated course code EC2AELA for English Language and Communication
2025-04-11 15:19:57,513 - INFO - Generated course code EC2ADSA for Data Structures and Algorithms
2025-04-11 15:19:57,514 - INFO - Generated course code EC2ANA for Network Analysis
2025-04-11 15:19:57,515 - INFO - Assigned temporary classroom TBD_DSAI_2A for Optimization
2025-04-11 15:19:57,516 - INFO - Assigned temporary classroom TBD_DSAI_2A for Computer Architecture
2025-04-11 15:19:57,516 - INFO - Assigned temporary classroom TBD_DSAI_2A for Introduction to Digital VLSI Design/Photography101/Linux for Engineers/Data Science with Python/Introduction to Holistic Personality Development
2025-04-11 15:19:57,517 - INFO - Assigned temporary classroom TBD_ECE_2A for Optimization
2025-04-11 15:19:57,517 - INFO - Assigned temporary classroom TBD_ECE_2A for Computer Architecture
2025-04-11 15:19:57,518 - INFO - Assigned temporary classroom TBD_ECE_2A for Introduction to Digital VLSI Design/Photography101/Linux for Engineers/Data Science with Python/Introduction to Holistic Personality Development
2025-04-11 15:19:57,520 - INFO - Found 3 departments to process
2025-04-11 15:19:57,522 - INFO - Processing department: CSE with 7 semester groups
2025-04-11 15:19:57,522 - INFO - Processing CSE semester 2A with 7 courses
2025-04-11 15:19:57,523 - INFO - Scheduled lunch break on Monday at 13:30-14:30
2025-04-11 15:19:57,523 - INFO - Scheduled lunch break on Tuesday at 13:30-14:30
2025-04-11 15:19:57,523 - INFO - Scheduled lunch break on Wednesday at 13:00-14:00
2025-04-11 15:19:57,524 - INFO - Scheduled lunch break on Thursday at 12:30-13:30
2025-04-11 15:19:57,524 - INFO - Scheduled lunch break on Friday at 13:00-14:00
2025-04-11 15:19:57,528 - INFO - Successfully merged cells for TUT 1 on Monday
2025-04-11 15:19:57,529 - INFO - Successfully merged cells for LAB on Monday
2025-04-11 15:19:57,530 - INFO - Successfully merged cells for LUNCH on Monday
2025-04-11 15:19:57,530 - INFO - Successfully merged cells for LEC 2 on Monday
2025-04-11 15:19:57,531 - INFO - Successfully merged cells for TUT 1 on Monday
2025-04-11 15:19:57,531 - INFO - Successfully merged cells for LEC 1 on Tuesday
2025-04-11 15:19:57,532 - INFO - Successfully merged cells for LEC 2 on Tuesday
2025-04-11 15:19:57,533 - INFO - Successfully merged cells for TUT 1 on Tuesday
2025-04-11 15:19:57,534 - INFO - Successfully merged cells for LUNCH on Tuesday
2025-04-11 15:19:57,534 - INFO - Successfully merged cells for LEC 2 on Tuesday
2025-04-11 15:19:57,536 - INFO - Successfully merged cells for LEC 2 on Wednesday
2025-04-11 15:19:57,536 - INFO - Successfully merged cells for LEC 1 on Wednesday
2025-04-11 15:19:57,537 - INFO - Successfully merged cells for LUNCH on Wednesday
2025-04-11 15:19:57,537 - INFO - Successfully merged cells for LEC 1 on Wednesday
2025-04-11 15:19:57,537 - INFO - Successfully merged cells for LEC 1 on Wednesday
2025-04-11 15:19:57,538 - INFO - Successfully merged cells for LEC 1 on Thursday
2025-04-11 15:19:57,538 - INFO - Successfully merged cells for LEC 1 on Thursday
2025-04-11 15:19:57,538 - INFO - Successfully merged cells for LUNCH on Thursday
2025-04-11 15:19:57,539 - INFO - Successfully merged cells for LAB on Thursday
2025-04-11 15:19:57,540 - INFO - Successfully merged cells for TUT 1 on Thursday
2025-04-11 15:19:57,541 - INFO - Successfully merged cells for LEC 1 on Friday
2025-04-11 15:19:57,542 - INFO - Successfully merged cells for LEC 2 on Friday
2025-04-11 15:19:57,542 - INFO - Successfully merged cells for LUNCH on Friday
2025-04-11 15:19:57,542 - INFO - Successfully merged cells for LEC 2 on Friday
2025-04-11 15:19:57,543 - INFO - Successfully merged cells for LEC 2 on Friday
2025-04-11 15:19:57,544 - INFO - Processing CSE semester 2B with 7 courses
2025-04-11 15:19:57,545 - INFO - Scheduled lunch break on Monday at 13:30-14:30
2025-04-11 15:19:57,545 - INFO - Scheduled lunch break on Tuesday at 13:00-14:00
2025-04-11 15:19:57,545 - INFO - Scheduled lunch break on Wednesday at 13:30-14:30
2025-04-11 15:19:57,545 - INFO - Scheduled lunch break on Thursday at 13:00-14:00
2025-04-11 15:19:57,546 - INFO - Scheduled lunch break on Friday at 12:30-13:30
2025-04-11 15:19:57,552 - INFO - Successfully merged cells for LEC 2 on Monday
2025-04-11 15:19:57,553 - INFO - Successfully merged cells for LAB on Monday
2025-04-11 15:19:57,554 - INFO - Successfully merged cells for LUNCH on Monday
2025-04-11 15:19:57,555 - INFO - Successfully merged cells for TUT 1 on Monday
2025-04-11 15:19:57,556 - INFO - Successfully merged cells for TUT 1 on Monday
2025-04-11 15:19:57,556 - INFO - Successfully merged cells for LEC 1 on Tuesday
2025-04-11 15:19:57,557 - INFO - Successfully merged cells for TUT 1 on Tuesday
2025-04-11 15:19:57,557 - INFO - Successfully merged cells for LUNCH on Tuesday
2025-04-11 15:19:57,557 - INFO - Successfully merged cells for LEC 2 on Tuesday
2025-04-11 15:19:57,558 - INFO - Successfully merged cells for LEC 2 on Tuesday
2025-04-11 15:19:57,558 - INFO - Successfully merged cells for LEC 2 on Wednesday
2025-04-11 15:19:57,559 - INFO - Successfully merged cells for LEC 1 on Wednesday
2025-04-11 15:19:57,559 - INFO - Successfully merged cells for LUNCH on Wednesday
2025-04-11 15:19:57,561 - INFO - Successfully merged cells for LEC 1 on Wednesday
2025-04-11 15:19:57,562 - INFO - Successfully merged cells for LEC 1 on Wednesday
2025-04-11 15:19:57,563 - INFO - Successfully merged cells for LEC 1 on Thursday
2025-04-11 15:19:57,564 - INFO - Successfully merged cells for LAB on Thursday
2025-04-11 15:19:57,565 - INFO - Successfully merged cells for LUNCH on Thursday
2025-04-11 15:19:57,565 - INFO - Successfully merged cells for LEC 1 on Thursday
2025-04-11 15:19:57,566 - INFO - Successfully merged cells for TUT 1 on Thursday
2025-04-11 15:19:57,567 - INFO - Successfully merged cells for LEC 2 on Friday
2025-04-11 15:19:57,568 - INFO - Successfully merged cells for LEC 1 on Friday
2025-04-11 15:19:57,569 - INFO - Successfully merged cells for LUNCH on Friday
2025-04-11 15:19:57,570 - INFO - Successfully merged cells for LEC 2 on Friday
2025-04-11 15:19:57,570 - INFO - Successfully merged cells for LEC 2 on Friday
2025-04-11 15:19:57,571 - INFO - Processing CSE semester 4A with 6 courses
2025-04-11 15:19:57,572 - INFO - Scheduled lunch break on Monday at 13:00-14:00
2025-04-11 15:19:57,572 - INFO - Scheduled lunch break on Tuesday at 13:00-14:00
2025-04-11 15:19:57,572 - INFO - Scheduled lunch break on Wednesday at 13:30-14:30
2025-04-11 15:19:57,572 - INFO - Scheduled lunch break on Thursday at 12:30-13:30
2025-04-11 15:19:57,572 - INFO - Scheduled lunch break on Friday at 12:30-13:30
2025-04-11 15:19:57,579 - INFO - Successfully merged cells for LEC 1 on Monday
2025-04-11 15:19:57,579 - INFO - Successfully merged cells for LAB on Monday
2025-04-11 15:19:57,580 - INFO - Successfully merged cells for LUNCH on Monday
2025-04-11 15:19:57,581 - INFO - Successfully merged cells for TUT 1 on Monday
2025-04-11 15:19:57,582 - INFO - Successfully merged cells for LEC 1 on Monday
2025-04-11 15:19:57,583 - INFO - Successfully merged cells for LEC 1 on Tuesday
2025-04-11 15:19:57,583 - INFO - Successfully merged cells for LEC 2 on Tuesday
2025-04-11 15:19:57,584 - INFO - Successfully merged cells for LUNCH on Tuesday
2025-04-11 15:19:57,584 - INFO - Successfully merged cells for LEC 2 on Tuesday
2025-04-11 15:19:57,585 - INFO - Successfully merged cells for LEC 2 on Tuesday
2025-04-11 15:19:57,586 - INFO - Successfully merged cells for LEC 2 on Wednesday
2025-04-11 15:19:57,586 - INFO - Successfully merged cells for TUT 1 on Wednesday
2025-04-11 15:19:57,587 - INFO - Successfully merged cells for TUT 1 on Wednesday
2025-04-11 15:19:57,589 - INFO - Successfully merged cells for LUNCH on Wednesday
2025-04-11 15:19:57,590 - INFO - Successfully merged cells for LEC 1 on Wednesday
2025-04-11 15:19:57,591 - INFO - Successfully merged cells for TUT 1 on Thursday
2025-04-11 15:19:57,591 - INFO - Successfully merged cells for LEC 1 on Thursday
2025-04-11 15:19:57,592 - INFO - Successfully merged cells for LUNCH on Thursday
2025-04-11 15:19:57,592 - INFO - Successfully merged cells for LEC 1 on Thursday
2025-04-11 15:19:57,592 - INFO - Successfully merged cells for TUT 1 on Thursday
2025-04-11 15:19:57,593 - INFO - Successfully merged cells for LEC 2 on Friday
2025-04-11 15:19:57,594 - INFO - Successfully merged cells for LEC 2 on Friday
2025-04-11 15:19:57,596 - INFO - Successfully merged cells for LUNCH on Friday
2025-04-11 15:19:57,596 - INFO - Successfully merged cells for LAB on Friday
2025-04-11 15:19:57,598 - INFO - Processing CSE semester 4B with 6 courses
2025-04-11 15:19:57,599 - INFO - Scheduled lunch break on Monday at 13:00-14:00
2025-04-11 15:19:57,599 - INFO - Scheduled lunch break on Tuesday at 13:00-14:00
2025-04-11 15:19:57,599 - INFO - Scheduled lunch break on Wednesday at 12:30-13:30
2025-04-11 15:19:57,599 - INFO - Scheduled lunch break on Thursday at 13:30-14:30
2025-04-11 15:19:57,599 - INFO - Scheduled lunch break on Friday at 13:00-14:00
2025-04-11 15:19:57,607 - INFO - Successfully merged cells for TUT 1 on Monday
2025-04-11 15:19:57,609 - INFO - Successfully merged cells for LAB on Monday
2025-04-11 15:19:57,610 - INFO - Successfully merged cells for LUNCH on Monday
2025-04-11 15:19:57,610 - INFO - Successfully merged cells for TUT 1 on Monday
2025-04-11 15:19:57,611 - INFO - Successfully merged cells for TUT 1 on Monday
2025-04-11 15:19:57,612 - INFO - Successfully merged cells for LEC 1 on Tuesday
2025-04-11 15:19:57,612 - INFO - Successfully merged cells for TUT 1 on Tuesday
2025-04-11 15:19:57,613 - INFO - Successfully merged cells for LUNCH on Tuesday
2025-04-11 15:19:57,613 - INFO - Successfully merged cells for LEC 1 on Tuesday
2025-04-11 15:19:57,613 - INFO - Successfully merged cells for LEC 1 on Tuesday
2025-04-11 15:19:57,614 - INFO - Successfully merged cells for LEC 2 on Wednesday
2025-04-11 15:19:57,614 - INFO - Successfully merged cells for LEC 1 on Wednesday
2025-04-11 15:19:57,615 - INFO - Successfully merged cells for LUNCH on Wednesday
2025-04-11 15:19:57,616 - INFO - Successfully merged cells for LEC 1 on Wednesday
2025-04-11 15:19:57,618 - INFO - Successfully merged cells for TUT 1 on Thursday
2025-04-11 15:19:57,618 - INFO - Successfully merged cells for LEC 2 on Thursday
2025-04-11 15:19:57,619 - INFO - Successfully merged cells for LUNCH on Thursday
2025-04-11 15:19:57,619 - INFO - Successfully merged cells for LEC 2 on Thursday
2025-04-11 15:19:57,619 - INFO - Successfully merged cells for LEC 2 on Thursday
2025-04-11 15:19:57,620 - INFO - Successfully merged cells for LEC 2 on Friday
2025-04-11 15:19:57,621 - INFO - Successfully merged cells for LEC 1 on Friday
2025-04-11 15:19:57,621 - INFO - Successfully merged cells for LUNCH on Friday
2025-04-11 15:19:57,622 - INFO - Successfully merged cells for LEC 2 on Friday
2025-04-11 15:19:57,625 - INFO - Processing CSE semester 6A with 6 courses
2025-04-11 15:19:57,626 - INFO - Scheduled lunch break on Monday at 13:30-14:30
2025-04-11 15:19:57,626 - INFO - Scheduled lunch break on Tuesday at 12:30-13:30
2025-04-11 15:19:57,626 - INFO - Scheduled lunch break on Wednesday at 13:30-14:30
2025-04-11 15:19:57,626 - INFO - Scheduled lunch break on Thursday at 13:00-14:00
2025-04-11 15:19:57,626 - INFO - Scheduled lunch break on Friday at 12:30-13:30
2025-04-11 15:19:57,632 - INFO - Successfully merged cells for LEC 1 on Monday
2025-04-11 15:19:57,633 - INFO - Successfully merged cells for LAB on Monday
2025-04-11 15:19:57,633 - INFO - Successfully merged cells for LUNCH on Monday
2025-04-11 15:19:57,634 - INFO - Successfully merged cells for TUT 1 on Monday
2025-04-11 15:19:57,634 - INFO - Successfully merged cells for LEC 1 on Tuesday
2025-04-11 15:19:57,635 - INFO - Successfully merged cells for TUT 1 on Tuesday
2025-04-11 15:19:57,635 - INFO - Successfully merged cells for LUNCH on Tuesday
2025-04-11 15:19:57,636 - INFO - Successfully merged cells for LEC 2 on Tuesday
2025-04-11 15:19:57,638 - INFO - Successfully merged cells for LEC 2 on Wednesday
2025-04-11 15:19:57,638 - INFO - Successfully merged cells for LEC 1 on Wednesday
2025-04-11 15:19:57,639 - INFO - Successfully merged cells for LUNCH on Wednesday
2025-04-11 15:19:57,639 - INFO - Successfully merged cells for LEC 1 on Wednesday
2025-04-11 15:19:57,640 - INFO - Successfully merged cells for LEC 1 on Thursday
2025-04-11 15:19:57,641 - INFO - Successfully merged cells for LEC 2 on Thursday
2025-04-11 15:19:57,641 - INFO - Successfully merged cells for LUNCH on Thursday
2025-04-11 15:19:57,642 - INFO - Successfully merged cells for LEC 2 on Thursday
2025-04-11 15:19:57,643 - INFO - Successfully merged cells for LEC 2 on Friday
2025-04-11 15:19:57,644 - INFO - Successfully merged cells for TUT 1 on Friday
2025-04-11 15:19:57,645 - INFO - Successfully merged cells for LUNCH on Friday
2025-04-11 15:19:57,646 - INFO - Successfully merged cells for TUT 1 on Friday
2025-04-11 15:19:57,647 - INFO - Processing CSE semester 6B with 6 courses
2025-04-11 15:19:57,648 - INFO - Scheduled lunch break on Monday at 13:30-14:30
2025-04-11 15:19:57,648 - INFO - Scheduled lunch break on Tuesday at 13:00-14:00
2025-04-11 15:19:57,648 - INFO - Scheduled lunch break on Wednesday at 13:00-14:00
2025-04-11 15:19:57,648 - INFO - Scheduled lunch break on Thursday at 13:30-14:30
2025-04-11 15:19:57,648 - INFO - Scheduled lunch break on Friday at 12:30-13:30
2025-04-11 15:19:57,654 - INFO - Successfully merged cells for TUT 1 on Monday
2025-04-11 15:19:57,654 - INFO - Successfully merged cells for LAB on Monday
2025-04-11 15:19:57,655 - INFO - Successfully merged cells for LUNCH on Monday
2025-04-11 15:19:57,655 - INFO - Successfully merged cells for LEC 1 on Monday
2025-04-11 15:19:57,656 - INFO - Successfully merged cells for LEC 1 on Tuesday
2025-04-11 15:19:57,657 - INFO - Successfully merged cells for TUT 1 on Tuesday
2025-04-11 15:19:57,658 - INFO - Successfully merged cells for LUNCH on Tuesday
2025-04-11 15:19:57,659 - INFO - Successfully merged cells for LEC 2 on Tuesday
2025-04-11 15:19:57,660 - INFO - Successfully merged cells for LEC 2 on Wednesday
2025-04-11 15:19:57,660 - INFO - Successfully merged cells for LEC 1 on Wednesday
2025-04-11 15:19:57,661 - INFO - Successfully merged cells for LUNCH on Wednesday
2025-04-11 15:19:57,661 - INFO - Successfully merged cells for LEC 1 on Wednesday
2025-04-11 15:19:57,662 - INFO - Successfully merged cells for LEC 2 on Thursday
2025-04-11 15:19:57,662 - INFO - Successfully merged cells for LEC 1 on Thursday
2025-04-11 15:19:57,662 - INFO - Successfully merged cells for LUNCH on Thursday
2025-04-11 15:19:57,664 - INFO - Successfully merged cells for LEC 2 on Thursday
2025-04-11 15:19:57,665 - INFO - Successfully merged cells for TUT 1 on Friday
2025-04-11 15:19:57,667 - INFO - Successfully merged cells for LEC 2 on Friday
2025-04-11 15:19:57,667 - INFO - Successfully merged cells for LUNCH on Friday
2025-04-11 15:19:57,668 - INFO - Successfully merged cells for TUT 1 on Friday
2025-04-11 15:19:57,669 - INFO - Processing CSE semester 8A with 1 courses
2025-04-11 15:19:57,669 - INFO - Scheduled lunch break on Monday at 13:30-14:30
2025-04-11 15:19:57,670 - INFO - Scheduled lunch break on Tuesday at 13:30-14:30
2025-04-11 15:19:57,670 - INFO - Scheduled lunch break on Wednesday at 13:30-14:30
2025-04-11 15:19:57,671 - INFO - Scheduled lunch break on Thursday at 13:30-14:30
2025-04-11 15:19:57,672 - INFO - Scheduled lunch break on Friday at 13:30-14:30
2025-04-11 15:19:57,676 - INFO - Successfully merged cells for LUNCH on Monday
2025-04-11 15:19:57,678 - INFO - Successfully merged cells for LUNCH on Tuesday
2025-04-11 15:19:57,680 - INFO - Successfully merged cells for LUNCH on Wednesday
2025-04-11 15:19:57,683 - INFO - Successfully merged cells for LUNCH on Thursday
2025-04-11 15:19:57,686 - INFO - Successfully merged cells for LUNCH on Friday
2025-04-11 15:19:57,688 - INFO - Processing department: DSAI with 3 semester groups
2025-04-11 15:19:57,689 - INFO - Processing DSAI semester 2A with 8 courses
2025-04-11 15:19:57,689 - INFO - Scheduled lunch break on Monday at 13:00-14:00
2025-04-11 15:19:57,690 - INFO - Scheduled lunch break on Tuesday at 13:30-14:30
2025-04-11 15:19:57,690 - INFO - Scheduled lunch break on Wednesday at 13:30-14:30
2025-04-11 15:19:57,690 - INFO - Scheduled lunch break on Thursday at 13:30-14:30
2025-04-11 15:19:57,691 - INFO - Scheduled lunch break on Friday at 13:00-14:00
2025-04-11 15:19:57,697 - INFO - Successfully merged cells for TUT 1 on Monday
2025-04-11 15:19:57,699 - INFO - Successfully merged cells for LAB on Monday
2025-04-11 15:19:57,700 - INFO - Successfully merged cells for LUNCH on Monday
2025-04-11 15:19:57,701 - INFO - Successfully merged cells for LEC 2 on Monday
2025-04-11 15:19:57,702 - INFO - Successfully merged cells for LEC 2 on Monday
2025-04-11 15:19:57,703 - INFO - Successfully merged cells for LEC 1 on Tuesday
2025-04-11 15:19:57,703 - INFO - Successfully merged cells for LEC 2 on Tuesday
2025-04-11 15:19:57,703 - INFO - Successfully merged cells for TUT 1 on Tuesday
2025-04-11 15:19:57,704 - INFO - Successfully merged cells for LUNCH on Tuesday
2025-04-11 15:19:57,704 - INFO - Successfully merged cells for LEC 1 on Tuesday
2025-04-11 15:19:57,705 - INFO - Successfully merged cells for TUT 1 on Tuesday
2025-04-11 15:19:57,706 - INFO - Successfully merged cells for LEC 2 on Wednesday
2025-04-11 15:19:57,707 - INFO - Successfully merged cells for LEC 1 on Wednesday
2025-04-11 15:19:57,708 - INFO - Successfully merged cells for LUNCH on Wednesday
2025-04-11 15:19:57,708 - INFO - Successfully merged cells for LEC 1 on Wednesday
2025-04-11 15:19:57,709 - INFO - Successfully merged cells for LEC 1 on Wednesday
2025-04-11 15:19:57,710 - INFO - Successfully merged cells for LEC 1 on Thursday
2025-04-11 15:19:57,711 - INFO - Successfully merged cells for LAB on Thursday
2025-04-11 15:19:57,711 - INFO - Successfully merged cells for LUNCH on Thursday
2025-04-11 15:19:57,711 - INFO - Successfully merged cells for TUT 1 on Thursday
2025-04-11 15:19:57,712 - INFO - Successfully merged cells for TUT 1 on Thursday
2025-04-11 15:19:57,712 - INFO - Successfully merged cells for TUT 2 on Thursday
2025-04-11 15:19:57,715 - INFO - Successfully merged cells for LEC 1 on Friday
2025-04-11 15:19:57,716 - INFO - Successfully merged cells for LEC 2 on Friday
2025-04-11 15:19:57,717 - INFO - Successfully merged cells for LUNCH on Friday
2025-04-11 15:19:57,718 - INFO - Successfully merged cells for LEC 2 on Friday
2025-04-11 15:19:57,719 - INFO - Successfully merged cells for LEC 1 on Friday
2025-04-11 15:19:57,723 - INFO - Processing DSAI semester 4A with 6 courses
2025-04-11 15:19:57,723 - INFO - Scheduled lunch break on Monday at 12:30-13:30
2025-04-11 15:19:57,723 - INFO - Scheduled lunch break on Tuesday at 13:30-14:30
2025-04-11 15:19:57,724 - INFO - Scheduled lunch break on Wednesday at 12:30-13:30
2025-04-11 15:19:57,724 - INFO - Scheduled lunch break on Thursday at 13:00-14:00
2025-04-11 15:19:57,724 - INFO - Scheduled lunch break on Friday at 12:30-13:30
2025-04-11 15:19:57,730 - INFO - Successfully merged cells for LEC 2 on Monday
2025-04-11 15:19:57,731 - INFO - Successfully merged cells for TUT 1 on Monday
2025-04-11 15:19:57,732 - INFO - Successfully merged cells for LUNCH on Monday
2025-04-11 15:19:57,732 - INFO - Successfully merged cells for LAB on Monday
2025-04-11 15:19:57,732 - INFO - Successfully merged cells for LEC 2 on Monday
2025-04-11 15:19:57,733 - INFO - Successfully merged cells for LEC 1 on Tuesday
2025-04-11 15:19:57,734 - INFO - Successfully merged cells for LEC 2 on Tuesday
2025-04-11 15:19:57,735 - INFO - Successfully merged cells for LUNCH on Tuesday
2025-04-11 15:19:57,736 - INFO - Successfully merged cells for LEC 2 on Tuesday
2025-04-11 15:19:57,737 - INFO - Successfully merged cells for LEC 2 on Wednesday
2025-04-11 15:19:57,737 - INFO - Successfully merged cells for TUT 1 on Wednesday
2025-04-11 15:19:57,738 - INFO - Successfully merged cells for LUNCH on Wednesday
2025-04-11 15:19:57,738 - INFO - Successfully merged cells for LEC 1 on Wednesday
2025-04-11 15:19:57,738 - INFO - Successfully merged cells for LEC 1 on Wednesday
2025-04-11 15:19:57,739 - INFO - Successfully merged cells for TUT 1 on Thursday
2025-04-11 15:19:57,740 - INFO - Successfully merged cells for LAB on Thursday
2025-04-11 15:19:57,740 - INFO - Successfully merged cells for LUNCH on Thursday
2025-04-11 15:19:57,742 - INFO - Successfully merged cells for LEC 1 on Thursday
2025-04-11 15:19:57,743 - INFO - Successfully merged cells for LEC 1 on Friday
2025-04-11 15:19:57,744 - INFO - Successfully merged cells for LEC 1 on Friday
2025-04-11 15:19:57,744 - INFO - Successfully merged cells for LUNCH on Friday
2025-04-11 15:19:57,744 - INFO - Successfully merged cells for LEC 2 on Friday
2025-04-11 15:19:57,746 - INFO - Processing DSAI semester 6A with 8 courses
2025-04-11 15:19:57,747 - INFO - Scheduled lunch break on Monday at 12:30-13:30
2025-04-11 15:19:57,748 - INFO - Scheduled lunch break on Tuesday at 13:30-14:30
2025-04-11 15:19:57,748 - INFO - Scheduled lunch break on Wednesday at 13:00-14:00
2025-04-11 15:19:57,748 - INFO - Scheduled lunch break on Thursday at 13:30-14:30
2025-04-11 15:19:57,749 - INFO - Scheduled lunch break on Friday at 12:30-13:30
2025-04-11 15:19:57,753 - INFO - Successfully merged cells for LEC 1 on Monday
2025-04-11 15:19:57,754 - INFO - Successfully merged cells for LEC 2 on Monday
2025-04-11 15:19:57,754 - INFO - Successfully merged cells for LUNCH on Monday
2025-04-11 15:19:57,755 - INFO - Successfully merged cells for TUT 1 on Monday
2025-04-11 15:19:57,756 - INFO - Successfully merged cells for TUT 1 on Monday
2025-04-11 15:19:57,757 - INFO - Successfully merged cells for TUT 1 on Tuesday
2025-04-11 15:19:57,757 - INFO - Successfully merged cells for LEC 2 on Tuesday
2025-04-11 15:19:57,758 - INFO - Successfully merged cells for LUNCH on Tuesday
2025-04-11 15:19:57,758 - INFO - Successfully merged cells for LEC 1 on Tuesday
2025-04-11 15:19:57,759 - INFO - Successfully merged cells for LEC 1 on Wednesday
2025-04-11 15:19:57,759 - INFO - Successfully merged cells for LEC 1 on Wednesday
2025-04-11 15:19:57,760 - INFO - Successfully merged cells for LUNCH on Wednesday
2025-04-11 15:19:57,760 - INFO - Successfully merged cells for LEC 1 on Wednesday
2025-04-11 15:19:57,760 - INFO - Successfully merged cells for LEC 2 on Thursday
2025-04-11 15:19:57,761 - INFO - Successfully merged cells for LEC 2 on Thursday
2025-04-11 15:19:57,763 - INFO - Successfully merged cells for LUNCH on Thursday
2025-04-11 15:19:57,763 - INFO - Successfully merged cells for LEC 2 on Thursday
2025-04-11 15:19:57,764 - INFO - Successfully merged cells for LEC 1 on Friday
2025-04-11 15:19:57,765 - INFO - Successfully merged cells for TUT 1 on Friday
2025-04-11 15:19:57,766 - INFO - Successfully merged cells for LUNCH on Friday
2025-04-11 15:19:57,767 - INFO - Successfully merged cells for LEC 2 on Friday
2025-04-11 15:19:57,769 - INFO - Processing department: ECE with 4 semester groups
2025-04-11 15:19:57,770 - INFO - Processing ECE semester 2A with 8 courses
2025-04-11 15:19:57,771 - INFO - Scheduled lunch break on Monday at 12:30-13:30
2025-04-11 15:19:57,771 - INFO - Scheduled lunch break on Tuesday at 12:30-13:30
2025-04-11 15:19:57,771 - INFO - Scheduled lunch break on Wednesday at 12:30-13:30
2025-04-11 15:19:57,771 - INFO - Scheduled lunch break on Thursday at 13:30-14:30
2025-04-11 15:19:57,771 - INFO - Scheduled lunch break on Friday at 13:30-14:30
2025-04-11 15:19:57,777 - INFO - Successfully merged cells for LEC 1 on Monday
2025-04-11 15:19:57,777 - INFO - Successfully merged cells for LEC 1 on Monday
2025-04-11 15:19:57,778 - INFO - Successfully merged cells for LUNCH on Monday
2025-04-11 15:19:57,778 - INFO - Successfully merged cells for LEC 1 on Monday
2025-04-11 15:19:57,779 - INFO - Successfully merged cells for LAB on Monday
2025-04-11 15:19:57,779 - INFO - Successfully merged cells for LEC 1 on Tuesday
2025-04-11 15:19:57,780 - INFO - Successfully merged cells for TUT 1 on Tuesday
2025-04-11 15:19:57,780 - INFO - Successfully merged cells for LUNCH on Tuesday
2025-04-11 15:19:57,780 - INFO - Successfully merged cells for LEC 2 on Tuesday
2025-04-11 15:19:57,781 - INFO - Successfully merged cells for TUT 1 on Tuesday
2025-04-11 15:19:57,781 - INFO - Successfully merged cells for TUT 1 on Tuesday
2025-04-11 15:19:57,782 - INFO - Successfully merged cells for LEC 2 on Wednesday
2025-04-11 15:19:57,783 - INFO - Successfully merged cells for LEC 1 on Wednesday
2025-04-11 15:19:57,784 - INFO - Successfully merged cells for LUNCH on Wednesday
2025-04-11 15:19:57,785 - INFO - Successfully merged cells for LEC 1 on Wednesday
2025-04-11 15:19:57,785 - INFO - Successfully merged cells for TUT 1 on Wednesday
2025-04-11 15:19:57,786 - INFO - Successfully merged cells for LEC 1 on Thursday
2025-04-11 15:19:57,786 - INFO - Successfully merged cells for LEC 2 on Thursday
2025-04-11 15:19:57,787 - INFO - Successfully merged cells for LUNCH on Thursday
2025-04-11 15:19:57,787 - INFO - Successfully merged cells for LEC 2 on Thursday
2025-04-11 15:19:57,787 - INFO - Successfully merged cells for LEC 1 on Thursday
2025-04-11 15:19:57,788 - INFO - Successfully merged cells for LEC 2 on Friday
2025-04-11 15:19:57,788 - INFO - Successfully merged cells for TUT 1 on Friday
2025-04-11 15:19:57,788 - INFO - Successfully merged cells for TUT 1 on Friday
2025-04-11 15:19:57,790 - INFO - Successfully merged cells for LUNCH on Friday
2025-04-11 15:19:57,790 - INFO - Successfully merged cells for LEC 2 on Friday
2025-04-11 15:19:57,791 - INFO - Successfully merged cells for TUT 2 on Friday
2025-04-11 15:19:57,792 - INFO - Processing ECE semester 4A with 6 courses
2025-04-11 15:19:57,793 - INFO - Scheduled lunch break on Monday at 12:30-13:30
2025-04-11 15:19:57,793 - INFO - Scheduled lunch break on Tuesday at 13:30-14:30
2025-04-11 15:19:57,793 - INFO - Scheduled lunch break on Wednesday at 13:00-14:00
2025-04-11 15:19:57,793 - INFO - Scheduled lunch break on Thursday at 13:30-14:30
2025-04-11 15:19:57,794 - INFO - Scheduled lunch break on Friday at 12:30-13:30
2025-04-11 15:19:57,798 - INFO - Successfully merged cells for LEC 2 on Monday
2025-04-11 15:19:57,799 - INFO - Successfully merged cells for LEC 2 on Monday
2025-04-11 15:19:57,799 - INFO - Successfully merged cells for LUNCH on Monday
2025-04-11 15:19:57,800 - INFO - Successfully merged cells for LAB on Monday
2025-04-11 15:19:57,800 - INFO - Successfully merged cells for LEC 2 on Monday
2025-04-11 15:19:57,802 - INFO - Successfully merged cells for LEC 1 on Tuesday
2025-04-11 15:19:57,802 - INFO - Successfully merged cells for LEC 2 on Tuesday
2025-04-11 15:19:57,802 - INFO - Successfully merged cells for LUNCH on Tuesday
2025-04-11 15:19:57,802 - INFO - Successfully merged cells for LEC 2 on Tuesday
2025-04-11 15:19:57,803 - INFO - Successfully merged cells for LEC 2 on Wednesday
2025-04-11 15:19:57,804 - INFO - Successfully merged cells for TUT 1 on Wednesday
2025-04-11 15:19:57,804 - INFO - Successfully merged cells for TUT 1 on Wednesday
2025-04-11 15:19:57,805 - INFO - Successfully merged cells for LUNCH on Wednesday
2025-04-11 15:19:57,805 - INFO - Successfully merged cells for LEC 1 on Wednesday
2025-04-11 15:19:57,806 - INFO - Successfully merged cells for TUT 1 on Thursday
2025-04-11 15:19:57,807 - INFO - Successfully merged cells for LAB on Thursday
2025-04-11 15:19:57,807 - INFO - Successfully merged cells for LUNCH on Thursday
2025-04-11 15:19:57,808 - INFO - Successfully merged cells for TUT 1 on Thursday
2025-04-11 15:19:57,808 - INFO - Successfully merged cells for LEC 1 on Friday
2025-04-11 15:19:57,809 - INFO - Successfully merged cells for LEC 1 on Friday
2025-04-11 15:19:57,811 - INFO - Successfully merged cells for LUNCH on Friday
2025-04-11 15:19:57,812 - INFO - Successfully merged cells for LEC 1 on Friday
2025-04-11 15:19:57,812 - INFO - Successfully merged cells for LEC 1 on Friday
2025-04-11 15:19:57,814 - INFO - Processing ECE semester 6A with 6 courses
2025-04-11 15:19:57,814 - INFO - Scheduled lunch break on Monday at 12:30-13:30
2025-04-11 15:19:57,814 - INFO - Scheduled lunch break on Tuesday at 13:00-14:00
2025-04-11 15:19:57,814 - INFO - Scheduled lunch break on Wednesday at 13:00-14:00
2025-04-11 15:19:57,815 - INFO - Scheduled lunch break on Thursday at 13:00-14:00
2025-04-11 15:19:57,815 - INFO - Scheduled lunch break on Friday at 12:30-13:30
2025-04-11 15:19:57,819 - INFO - Successfully merged cells for LEC 1 on Monday
2025-04-11 15:19:57,820 - INFO - Successfully merged cells for TUT 1 on Monday
2025-04-11 15:19:57,820 - INFO - Successfully merged cells for LUNCH on Monday
2025-04-11 15:19:57,821 - INFO - Successfully merged cells for LAB on Monday
2025-04-11 15:19:57,821 - INFO - Successfully merged cells for TUT 1 on Tuesday
2025-04-11 15:19:57,822 - INFO - Successfully merged cells for LEC 1 on Tuesday
2025-04-11 15:19:57,822 - INFO - Successfully merged cells for LUNCH on Tuesday
2025-04-11 15:19:57,823 - INFO - Successfully merged cells for LEC 2 on Tuesday
2025-04-11 15:19:57,825 - INFO - Successfully merged cells for LEC 1 on Wednesday
2025-04-11 15:19:57,826 - INFO - Successfully merged cells for LEC 1 on Wednesday
2025-04-11 15:19:57,826 - INFO - Successfully merged cells for LUNCH on Wednesday
2025-04-11 15:19:57,827 - INFO - Successfully merged cells for LEC 2 on Wednesday
2025-04-11 15:19:57,827 - INFO - Successfully merged cells for LEC 1 on Thursday
2025-04-11 15:19:57,828 - INFO - Successfully merged cells for LEC 2 on Thursday
2025-04-11 15:19:57,828 - INFO - Successfully merged cells for LUNCH on Thursday
2025-04-11 15:19:57,828 - INFO - Successfully merged cells for LEC 2 on Thursday
2025-04-11 15:19:57,829 - INFO - Successfully merged cells for LEC 2 on Friday
2025-04-11 15:19:57,830 - INFO - Successfully merged cells for TUT 1 on Friday
2025-04-11 15:19:57,830 - INFO - Successfully merged cells for LUNCH on Friday
2025-04-11 15:19:57,831 - INFO - Successfully merged cells for TUT 1 on Friday
2025-04-11 15:19:57,833 - INFO - Processing ECE semester 8A with 1 courses
2025-04-11 15:19:57,833 - INFO - Scheduled lunch break on Monday at 13:30-14:30
2025-04-11 15:19:57,833 - INFO - Scheduled lunch break on Tuesday at 13:00-14:00
2025-04-11 15:19:57,834 - INFO - Scheduled lunch break on Wednesday at 13:30-14:30
2025-04-11 15:19:57,834 - INFO - Scheduled lunch break on Thursday at 13:30-14:30
2025-04-11 15:19:57,834 - INFO - Scheduled lunch break on Friday at 13:30-14:30
2025-04-11 15:19:57,837 - INFO - Successfully merged cells for LUNCH on Monday
2025-04-11 15:19:57,839 - INFO - Successfully merged cells for LUNCH on Tuesday
2025-04-11 15:19:57,841 - INFO - Successfully merged cells for LUNCH on Wednesday
2025-04-11 15:19:57,842 - INFO - Successfully merged cells for LUNCH on Thursday
2025-04-11 15:19:57,845 - INFO - Successfully merged cells for LUNCH on Friday
2025-04-11 15:19:57,941 - INFO - Final timetables saved to improved_timetables.xlsx
2025-04-11 15:19:57,941 - INFO - Successfully scheduled 217 out of 217 courses (100.00%)
2025-04-11 15:23:35,096 - INFO - Generated 19 time slots from 09:00:00 to 18:30:00
2025-04-11 15:23:35,130 - INFO - Successfully loaded data from combined.xlsx
2025-04-11 15:23:35,135 - INFO - Generated course code EC2ALA for Linear Algebra
2025-04-11 15:23:35,136 - INFO - Generated course code EC2AO for Optimization
2025-04-11 15:23:35,137 - INFO - Generated course code EC2ACA for Computer Architecture
2025-04-11 15:23:35,137 - INFO - Generated course code EC2AELA for English Language and Communication
2025-04-11 15:23:35,138 - INFO - Generated course code EC2ADSA for Data Structures and Algorithms
2025-04-11 15:23:35,138 - INFO - Generated course code EC2ANA for Network Analysis
2025-04-11 15:23:35,140 - INFO - Assigned temporary classroom TBD_DSAI_2A for Optimization
2025-04-11 15:23:35,140 - INFO - Assigned temporary classroom TBD_DSAI_2A for Computer Architecture
2025-04-11 15:23:35,140 - INFO - Assigned temporary classroom TBD_DSAI_2A for Introduction to Digital VLSI Design/Photography101/Linux for Engineers/Data Science with Python/Introduction to Holistic Personality Development
2025-04-11 15:23:35,142 - INFO - Assigned temporary classroom TBD_ECE_2A for Optimization
2025-04-11 15:23:35,142 - INFO - Assigned temporary classroom TBD_ECE_2A for Computer Architecture
2025-04-11 15:23:35,143 - INFO - Assigned temporary classroom TBD_ECE_2A for Introduction to Digital VLSI Design/Photography101/Linux for Engineers/Data Science with Python/Introduction to Holistic Personality Development
2025-04-11 15:23:35,147 - INFO - Found 3 departments to process
2025-04-11 15:23:35,148 - INFO - Processing department: CSE with 7 semester groups
2025-04-11 15:23:35,149 - INFO - Processing CSE semester 2A with 7 courses
2025-04-11 15:23:35,150 - INFO - Scheduled lunch break on Monday at 13:30-14:30
2025-04-11 15:23:35,151 - INFO - Scheduled lunch break on Tuesday at 13:00-14:00
2025-04-11 15:23:35,152 - INFO - Scheduled lunch break on Wednesday at 12:30-13:30
2025-04-11 15:23:35,152 - INFO - Scheduled lunch break on Thursday at 13:00-14:00
2025-04-11 15:23:35,153 - INFO - Scheduled lunch break on Friday at 12:30-13:30
2025-04-11 15:23:35,159 - INFO - Successfully merged cells for TUT 1 on Monday
2025-04-11 15:23:35,160 - INFO - Successfully merged cells for LAB on Monday
2025-04-11 15:23:35,161 - INFO - Successfully merged cells for LUNCH on Monday
2025-04-11 15:23:35,162 - INFO - Successfully merged cells for LEC 2 on Monday
2025-04-11 15:23:35,163 - INFO - Successfully merged cells for TUT 1 on Monday
2025-04-11 15:23:35,164 - INFO - Successfully merged cells for LEC 1 on Tuesday
2025-04-11 15:23:35,165 - INFO - Successfully merged cells for LEC 2 on Tuesday
2025-04-11 15:23:35,165 - INFO - Successfully merged cells for LUNCH on Tuesday
2025-04-11 15:23:35,166 - INFO - Successfully merged cells for TUT 1 on Tuesday
2025-04-11 15:23:35,166 - INFO - Successfully merged cells for LEC 2 on Tuesday
2025-04-11 15:23:35,167 - INFO - Successfully merged cells for LEC 2 on Wednesday
2025-04-11 15:23:35,168 - INFO - Successfully merged cells for LEC 1 on Wednesday
2025-04-11 15:23:35,168 - INFO - Successfully merged cells for LUNCH on Wednesday
2025-04-11 15:23:35,169 - INFO - Successfully merged cells for LEC 1 on Wednesday
2025-04-11 15:23:35,170 - INFO - Successfully merged cells for LEC 1 on Wednesday
2025-04-11 15:23:35,171 - INFO - Successfully merged cells for LEC 1 on Thursday
2025-04-11 15:23:35,172 - INFO - Successfully merged cells for LAB on Thursday
2025-04-11 15:23:35,173 - INFO - Successfully merged cells for LUNCH on Thursday
2025-04-11 15:23:35,173 - INFO - Successfully merged cells for LEC 1 on Thursday
2025-04-11 15:23:35,173 - INFO - Successfully merged cells for TUT 1 on Thursday
2025-04-11 15:23:35,174 - INFO - Successfully merged cells for LEC 1 on Friday
2025-04-11 15:23:35,174 - INFO - Successfully merged cells for LEC 2 on Friday
2025-04-11 15:23:35,174 - INFO - Successfully merged cells for LUNCH on Friday
2025-04-11 15:23:35,174 - INFO - Successfully merged cells for LEC 2 on Friday
2025-04-11 15:23:35,175 - INFO - Successfully merged cells for LEC 2 on Friday
2025-04-11 15:23:35,177 - INFO - Processing CSE semester 2B with 7 courses
2025-04-11 15:23:35,178 - INFO - Scheduled lunch break on Monday at 13:00-14:00
2025-04-11 15:23:35,178 - INFO - Scheduled lunch break on Tuesday at 13:30-14:30
2025-04-11 15:23:35,178 - INFO - Scheduled lunch break on Wednesday at 13:00-14:00
2025-04-11 15:23:35,178 - INFO - Scheduled lunch break on Thursday at 13:00-14:00
2025-04-11 15:23:35,179 - INFO - Scheduled lunch break on Friday at 12:30-13:30
2025-04-11 15:23:35,183 - INFO - Successfully merged cells for LEC 2 on Monday
2025-04-11 15:23:35,184 - INFO - Successfully merged cells for LAB on Monday
2025-04-11 15:23:35,185 - INFO - Successfully merged cells for LUNCH on Monday
2025-04-11 15:23:35,185 - INFO - Successfully merged cells for TUT 1 on Monday
2025-04-11 15:23:35,186 - INFO - Successfully merged cells for TUT 1 on Monday
2025-04-11 15:23:35,186 - INFO - Successfully merged cells for LEC 1 on Tuesday
2025-04-11 15:23:35,187 - INFO - Successfully merged cells for TUT 1 on Tuesday
2025-04-11 15:23:35,187 - INFO - Successfully merged cells for LEC 2 on Tuesday
2025-04-11 15:23:35,187 - INFO - Successfully merged cells for LUNCH on Tuesday
2025-04-11 15:23:35,188 - INFO - Successfully merged cells for LEC 2 on Tuesday
2025-04-11 15:23:35,188 - INFO - Successfully merged cells for LEC 2 on Wednesday
2025-04-11 15:23:35,189 - INFO - Successfully merged cells for LEC 1 on Wednesday
2025-04-11 15:23:35,189 - INFO - Successfully merged cells for LUNCH on Wednesday
2025-04-11 15:23:35,191 - INFO - Successfully merged cells for LEC 1 on Wednesday
2025-04-11 15:23:35,192 - INFO - Successfully merged cells for LEC 1 on Wednesday
2025-04-11 15:23:35,193 - INFO - Successfully merged cells for LEC 1 on Thursday
2025-04-11 15:23:35,194 - INFO - Successfully merged cells for LEC 1 on Thursday
2025-04-11 15:23:35,195 - INFO - Successfully merged cells for LUNCH on Thursday
2025-04-11 15:23:35,195 - INFO - Successfully merged cells for LAB on Thursday
2025-04-11 15:23:35,196 - INFO - Successfully merged cells for TUT 1 on Thursday
2025-04-11 15:23:35,197 - INFO - Successfully merged cells for LEC 2 on Friday
2025-04-11 15:23:35,197 - INFO - Successfully merged cells for LEC 1 on Friday
2025-04-11 15:23:35,198 - INFO - Successfully merged cells for LUNCH on Friday
2025-04-11 15:23:35,199 - INFO - Successfully merged cells for LEC 2 on Friday
2025-04-11 15:23:35,199 - INFO - Successfully merged cells for LEC 2 on Friday
2025-04-11 15:23:35,200 - INFO - Processing CSE semester 4A with 6 courses
2025-04-11 15:23:35,201 - INFO - Scheduled lunch break on Monday at 12:30-13:30
2025-04-11 15:23:35,201 - INFO - Scheduled lunch break on Tuesday at 13:00-14:00
2025-04-11 15:23:35,201 - INFO - Scheduled lunch break on Wednesday at 13:00-14:00
2025-04-11 15:23:35,201 - INFO - Scheduled lunch break on Thursday at 13:30-14:30
2025-04-11 15:23:35,201 - INFO - Scheduled lunch break on Friday at 13:30-14:30
2025-04-11 15:23:35,206 - INFO - Successfully merged cells for LEC 1 on Monday
2025-04-11 15:23:35,207 - INFO - Successfully merged cells for TUT 1 on Monday
2025-04-11 15:23:35,207 - INFO - Successfully merged cells for LUNCH on Monday
2025-04-11 15:23:35,208 - INFO - Successfully merged cells for LAB on Monday
2025-04-11 15:23:35,208 - INFO - Successfully merged cells for LEC 1 on Monday
2025-04-11 15:23:35,209 - INFO - Successfully merged cells for LEC 1 on Tuesday
2025-04-11 15:23:35,209 - INFO - Successfully merged cells for LEC 2 on Tuesday
2025-04-11 15:23:35,210 - INFO - Successfully merged cells for LUNCH on Tuesday
2025-04-11 15:23:35,211 - INFO - Successfully merged cells for LEC 2 on Tuesday
2025-04-11 15:23:35,211 - INFO - Successfully merged cells for LEC 2 on Tuesday
2025-04-11 15:23:35,212 - INFO - Successfully merged cells for LEC 2 on Wednesday
2025-04-11 15:23:35,213 - INFO - Successfully merged cells for TUT 1 on Wednesday
2025-04-11 15:23:35,213 - INFO - Successfully merged cells for TUT 1 on Wednesday
2025-04-11 15:23:35,214 - INFO - Successfully merged cells for LUNCH on Wednesday
2025-04-11 15:23:35,214 - INFO - Successfully merged cells for LEC 1 on Wednesday
2025-04-11 15:23:35,215 - INFO - Successfully merged cells for TUT 1 on Thursday
2025-04-11 15:23:35,215 - INFO - Successfully merged cells for LEC 1 on Thursday
2025-04-11 15:23:35,215 - INFO - Successfully merged cells for TUT 1 on Thursday
2025-04-11 15:23:35,216 - INFO - Successfully merged cells for LUNCH on Thursday
2025-04-11 15:23:35,216 - INFO - Successfully merged cells for LEC 1 on Thursday
2025-04-11 15:23:35,219 - INFO - Successfully merged cells for LEC 2 on Friday
2025-04-11 15:23:35,219 - INFO - Successfully merged cells for LAB on Friday
2025-04-11 15:23:35,220 - INFO - Successfully merged cells for LUNCH on Friday
2025-04-11 15:23:35,220 - INFO - Successfully merged cells for LEC 2 on Friday
2025-04-11 15:23:35,223 - INFO - Processing CSE semester 4B with 6 courses
2025-04-11 15:23:35,225 - INFO - Scheduled lunch break on Monday at 12:30-13:30
2025-04-11 15:23:35,226 - INFO - Scheduled lunch break on Tuesday at 12:30-13:30
2025-04-11 15:23:35,226 - INFO - Scheduled lunch break on Wednesday at 13:30-14:30
2025-04-11 15:23:35,226 - INFO - Scheduled lunch break on Thursday at 13:30-14:30
2025-04-11 15:23:35,226 - INFO - Scheduled lunch break on Friday at 12:30-13:30
2025-04-11 15:23:35,232 - INFO - Successfully merged cells for TUT 1 on Monday
2025-04-11 15:23:35,233 - INFO - Successfully merged cells for TUT 1 on Monday
2025-04-11 15:23:35,233 - INFO - Successfully merged cells for LUNCH on Monday
2025-04-11 15:23:35,234 - INFO - Successfully merged cells for LAB on Monday
2025-04-11 15:23:35,234 - INFO - Successfully merged cells for TUT 1 on Monday
2025-04-11 15:23:35,235 - INFO - Successfully merged cells for LEC 1 on Tuesday
2025-04-11 15:23:35,235 - INFO - Successfully merged cells for TUT 1 on Tuesday
2025-04-11 15:23:35,235 - INFO - Successfully merged cells for LUNCH on Tuesday
2025-04-11 15:23:35,236 - INFO - Successfully merged cells for LEC 1 on Tuesday
2025-04-11 15:23:35,236 - INFO - Successfully merged cells for LEC 1 on Tuesday
2025-04-11 15:23:35,237 - INFO - Successfully merged cells for LEC 2 on Wednesday
2025-04-11 15:23:35,237 - INFO - Successfully merged cells for LEC 1 on Wednesday
2025-04-11 15:23:35,238 - INFO - Successfully merged cells for LUNCH on Wednesday
2025-04-11 15:23:35,239 - INFO - Successfully merged cells for LEC 1 on Wednesday
2025-04-11 15:23:35,240 - INFO - Successfully merged cells for TUT 1 on Thursday
2025-04-11 15:23:35,241 - INFO - Successfully merged cells for LEC 2 on Thursday
2025-04-11 15:23:35,241 - INFO - Successfully merged cells for LUNCH on Thursday
2025-04-11 15:23:35,241 - INFO - Successfully merged cells for LEC 2 on Thursday
2025-04-11 15:23:35,242 - INFO - Successfully merged cells for LEC 2 on Thursday
2025-04-11 15:23:35,242 - INFO - Successfully merged cells for LEC 2 on Friday
2025-04-11 15:23:35,243 - INFO - Successfully merged cells for LEC 1 on Friday
2025-04-11 15:23:35,243 - INFO - Successfully merged cells for LUNCH on Friday
2025-04-11 15:23:35,243 - INFO - Successfully merged cells for LEC 2 on Friday
2025-04-11 15:23:35,246 - INFO - Processing CSE semester 6A with 6 courses
2025-04-11 15:23:35,246 - INFO - Scheduled lunch break on Monday at 12:30-13:30
2025-04-11 15:23:35,247 - INFO - Scheduled lunch break on Tuesday at 12:30-13:30
2025-04-11 15:23:35,247 - INFO - Scheduled lunch break on Wednesday at 13:00-14:00
2025-04-11 15:23:35,247 - INFO - Scheduled lunch break on Thursday at 12:30-13:30
2025-04-11 15:23:35,247 - INFO - Scheduled lunch break on Friday at 12:30-13:30
2025-04-11 15:23:35,254 - INFO - Successfully merged cells for LEC 1 on Monday
2025-04-11 15:23:35,255 - INFO - Successfully merged cells for TUT 1 on Monday
2025-04-11 15:23:35,255 - INFO - Successfully merged cells for LUNCH on Monday
2025-04-11 15:23:35,256 - INFO - Successfully merged cells for LAB on Monday
2025-04-11 15:23:35,257 - INFO - Successfully merged cells for LEC 1 on Tuesday
2025-04-11 15:23:35,257 - INFO - Successfully merged cells for TUT 1 on Tuesday
2025-04-11 15:23:35,258 - INFO - Successfully merged cells for LUNCH on Tuesday
2025-04-11 15:23:35,258 - INFO - Successfully merged cells for LEC 2 on Tuesday
2025-04-11 15:23:35,259 - INFO - Successfully merged cells for LEC 2 on Wednesday
2025-04-11 15:23:35,260 - INFO - Successfully merged cells for LEC 1 on Wednesday
2025-04-11 15:23:35,261 - INFO - Successfully merged cells for LUNCH on Wednesday
2025-04-11 15:23:35,261 - INFO - Successfully merged cells for LEC 1 on Wednesday
2025-04-11 15:23:35,262 - INFO - Successfully merged cells for LEC 1 on Thursday
2025-04-11 15:23:35,263 - INFO - Successfully merged cells for LEC 2 on Thursday
2025-04-11 15:23:35,263 - INFO - Successfully merged cells for LUNCH on Thursday
2025-04-11 15:23:35,263 - INFO - Successfully merged cells for LEC 2 on Thursday
2025-04-11 15:23:35,265 - INFO - Successfully merged cells for LEC 2 on Friday
2025-04-11 15:23:35,266 - INFO - Successfully merged cells for TUT 1 on Friday
2025-04-11 15:23:35,267 - INFO - Successfully merged cells for LUNCH on Friday
2025-04-11 15:23:35,268 - INFO - Successfully merged cells for TUT 1 on Friday
2025-04-11 15:23:35,271 - INFO - Processing CSE semester 6B with 6 courses
2025-04-11 15:23:35,271 - INFO - Scheduled lunch break on Monday at 12:30-13:30
2025-04-11 15:23:35,271 - INFO - Scheduled lunch break on Tuesday at 12:30-13:30
2025-04-11 15:23:35,272 - INFO - Scheduled lunch break on Wednesday at 13:30-14:30
2025-04-11 15:23:35,272 - INFO - Scheduled lunch break on Thursday at 12:30-13:30
2025-04-11 15:23:35,272 - INFO - Scheduled lunch break on Friday at 13:00-14:00
2025-04-11 15:23:35,278 - INFO - Successfully merged cells for TUT 1 on Monday
2025-04-11 15:23:35,278 - INFO - Successfully merged cells for LEC 1 on Monday
2025-04-11 15:23:35,279 - INFO - Successfully merged cells for LUNCH on Monday
2025-04-11 15:23:35,279 - INFO - Successfully merged cells for LAB on Monday
2025-04-11 15:23:35,280 - INFO - Successfully merged cells for LEC 1 on Tuesday
2025-04-11 15:23:35,282 - INFO - Successfully merged cells for LEC 2 on Tuesday
2025-04-11 15:23:35,283 - INFO - Successfully merged cells for LUNCH on Tuesday
2025-04-11 15:23:35,284 - INFO - Successfully merged cells for TUT 1 on Tuesday
2025-04-11 15:23:35,285 - INFO - Successfully merged cells for LEC 2 on Wednesday
2025-04-11 15:23:35,285 - INFO - Successfully merged cells for LEC 1 on Wednesday
2025-04-11 15:23:35,286 - INFO - Successfully merged cells for LUNCH on Wednesday
2025-04-11 15:23:35,286 - INFO - Successfully merged cells for LEC 1 on Wednesday
2025-04-11 15:23:35,287 - INFO - Successfully merged cells for LEC 2 on Thursday
2025-04-11 15:23:35,289 - INFO - Successfully merged cells for LEC 1 on Thursday
2025-04-11 15:23:35,290 - INFO - Successfully merged cells for LUNCH on Thursday
2025-04-11 15:23:35,290 - INFO - Successfully merged cells for LEC 2 on Thursday
2025-04-11 15:23:35,291 - INFO - Successfully merged cells for TUT 1 on Friday
2025-04-11 15:23:35,292 - INFO - Successfully merged cells for LEC 2 on Friday
2025-04-11 15:23:35,292 - INFO - Successfully merged cells for LUNCH on Friday
2025-04-11 15:23:35,293 - INFO - Successfully merged cells for TUT 1 on Friday
2025-04-11 15:23:35,294 - INFO - Processing CSE semester 8A with 1 courses
2025-04-11 15:23:35,295 - INFO - Scheduled lunch break on Monday at 13:30-14:30
2025-04-11 15:23:35,295 - INFO - Scheduled lunch break on Tuesday at 12:30-13:30
2025-04-11 15:23:35,296 - INFO - Scheduled lunch break on Wednesday at 13:00-14:00
2025-04-11 15:23:35,296 - INFO - Scheduled lunch break on Thursday at 12:30-13:30
2025-04-11 15:23:35,296 - INFO - Scheduled lunch break on Friday at 13:30-14:30
2025-04-11 15:23:35,303 - INFO - Successfully merged cells for LUNCH on Monday
2025-04-11 15:23:35,305 - INFO - Successfully merged cells for LUNCH on Tuesday
2025-04-11 15:23:35,306 - INFO - Successfully merged cells for LUNCH on Wednesday
2025-04-11 15:23:35,308 - INFO - Successfully merged cells for LUNCH on Thursday
2025-04-11 15:23:35,310 - INFO - Successfully merged cells for LUNCH on Friday
2025-04-11 15:23:35,311 - INFO - Processing department: DSAI with 3 semester groups
2025-04-11 15:23:35,313 - INFO - Processing DSAI semester 2A with 8 courses
2025-04-11 15:23:35,313 - INFO - Scheduled lunch break on Monday at 13:30-14:30
2025-04-11 15:23:35,314 - INFO - Scheduled lunch break on Tuesday at 13:00-14:00
2025-04-11 15:23:35,314 - INFO - Scheduled lunch break on Wednesday at 13:30-14:30
2025-04-11 15:23:35,314 - INFO - Scheduled lunch break on Thursday at 13:00-14:00
2025-04-11 15:23:35,314 - INFO - Scheduled lunch break on Friday at 13:00-14:00
2025-04-11 15:23:35,320 - INFO - Successfully merged cells for TUT 1 on Monday
2025-04-11 15:23:35,321 - INFO - Successfully merged cells for LAB on Monday
2025-04-11 15:23:35,321 - INFO - Successfully merged cells for LUNCH on Monday
2025-04-11 15:23:35,322 - INFO - Successfully merged cells for LEC 2 on Monday
2025-04-11 15:23:35,323 - INFO - Successfully merged cells for LEC 2 on Monday
2025-04-11 15:23:35,324 - INFO - Successfully merged cells for LEC 1 on Tuesday
2025-04-11 15:23:35,324 - INFO - Successfully merged cells for LEC 2 on Tuesday
2025-04-11 15:23:35,325 - INFO - Successfully merged cells for LUNCH on Tuesday
2025-04-11 15:23:35,325 - INFO - Successfully merged cells for TUT 1 on Tuesday
2025-04-11 15:23:35,325 - INFO - Successfully merged cells for LEC 1 on Tuesday
2025-04-11 15:23:35,325 - INFO - Successfully merged cells for TUT 1 on Tuesday
2025-04-11 15:23:35,326 - INFO - Successfully merged cells for LEC 2 on Wednesday
2025-04-11 15:23:35,327 - INFO - Successfully merged cells for LEC 1 on Wednesday
2025-04-11 15:23:35,327 - INFO - Successfully merged cells for LUNCH on Wednesday
2025-04-11 15:23:35,327 - INFO - Successfully merged cells for LEC 1 on Wednesday
2025-04-11 15:23:35,328 - INFO - Successfully merged cells for LEC 1 on Wednesday
2025-04-11 15:23:35,328 - INFO - Successfully merged cells for LEC 1 on Thursday
2025-04-11 15:23:35,329 - INFO - Successfully merged cells for LAB on Thursday
2025-04-11 15:23:35,330 - INFO - Successfully merged cells for LUNCH on Thursday
2025-04-11 15:23:35,331 - INFO - Successfully merged cells for TUT 1 on Thursday
2025-04-11 15:23:35,331 - INFO - Successfully merged cells for TUT 1 on Thursday
2025-04-11 15:23:35,331 - INFO - Successfully merged cells for TUT 2 on Thursday
2025-04-11 15:23:35,332 - INFO - Successfully merged cells for LEC 1 on Friday
2025-04-11 15:23:35,332 - INFO - Successfully merged cells for LEC 2 on Friday
2025-04-11 15:23:35,333 - INFO - Successfully merged cells for LUNCH on Friday
2025-04-11 15:23:35,333 - INFO - Successfully merged cells for LEC 2 on Friday
2025-04-11 15:23:35,333 - INFO - Successfully merged cells for LEC 1 on Friday
2025-04-11 15:23:35,336 - INFO - Processing DSAI semester 4A with 6 courses
2025-04-11 15:23:35,337 - INFO - Scheduled lunch break on Monday at 13:30-14:30
2025-04-11 15:23:35,337 - INFO - Scheduled lunch break on Tuesday at 13:00-14:00
2025-04-11 15:23:35,337 - INFO - Scheduled lunch break on Wednesday at 13:00-14:00
2025-04-11 15:23:35,338 - INFO - Scheduled lunch break on Thursday at 13:30-14:30
2025-04-11 15:23:35,338 - INFO - Scheduled lunch break on Friday at 13:30-14:30
2025-04-11 15:23:35,343 - INFO - Successfully merged cells for LEC 2 on Monday
2025-04-11 15:23:35,344 - INFO - Successfully merged cells for LAB on Monday
2025-04-11 15:23:35,345 - INFO - Successfully merged cells for LUNCH on Monday
2025-04-11 15:23:35,346 - INFO - Successfully merged cells for TUT 1 on Monday
2025-04-11 15:23:35,346 - INFO - Successfully merged cells for LEC 2 on Monday
2025-04-11 15:23:35,347 - INFO - Successfully merged cells for LEC 1 on Tuesday
2025-04-11 15:23:35,347 - INFO - Successfully merged cells for LEC 2 on Tuesday
2025-04-11 15:23:35,347 - INFO - Successfully merged cells for LUNCH on Tuesday
2025-04-11 15:23:35,348 - INFO - Successfully merged cells for LEC 2 on Tuesday
2025-04-11 15:23:35,348 - INFO - Successfully merged cells for LEC 2 on Wednesday
2025-04-11 15:23:35,350 - INFO - Successfully merged cells for TUT 1 on Wednesday
2025-04-11 15:23:35,351 - INFO - Successfully merged cells for LUNCH on Wednesday
2025-04-11 15:23:35,351 - INFO - Successfully merged cells for LEC 1 on Wednesday
2025-04-11 15:23:35,352 - INFO - Successfully merged cells for LEC 1 on Wednesday
2025-04-11 15:23:35,352 - INFO - Successfully merged cells for TUT 1 on Thursday
2025-04-11 15:23:35,353 - INFO - Successfully merged cells for LAB on Thursday
2025-04-11 15:23:35,353 - INFO - Successfully merged cells for LUNCH on Thursday
2025-04-11 15:23:35,353 - INFO - Successfully merged cells for LEC 1 on Thursday
2025-04-11 15:23:35,354 - INFO - Successfully merged cells for LEC 1 on Friday
2025-04-11 15:23:35,354 - INFO - Successfully merged cells for LEC 1 on Friday
2025-04-11 15:23:35,354 - INFO - Successfully merged cells for LUNCH on Friday
2025-04-11 15:23:35,354 - INFO - Successfully merged cells for LEC 2 on Friday
2025-04-11 15:23:35,356 - INFO - Processing DSAI semester 6A with 8 courses
2025-04-11 15:23:35,357 - INFO - Scheduled lunch break on Monday at 13:30-14:30
2025-04-11 15:23:35,357 - INFO - Scheduled lunch break on Tuesday at 13:30-14:30
2025-04-11 15:23:35,357 - INFO - Scheduled lunch break on Wednesday at 13:30-14:30
2025-04-11 15:23:35,358 - INFO - Scheduled lunch break on Thursday at 13:30-14:30
2025-04-11 15:23:35,358 - INFO - Scheduled lunch break on Friday at 13:30-14:30
2025-04-11 15:23:35,363 - INFO - Successfully merged cells for LEC 1 on Monday
2025-04-11 15:23:35,364 - INFO - Successfully merged cells for LEC 2 on Monday
2025-04-11 15:23:35,364 - INFO - Successfully merged cells for TUT 1 on Monday
2025-04-11 15:23:35,365 - INFO - Successfully merged cells for LUNCH on Monday
2025-04-11 15:23:35,365 - INFO - Successfully merged cells for TUT 1 on Monday
2025-04-11 15:23:35,366 - INFO - Successfully merged cells for TUT 1 on Tuesday
2025-04-11 15:23:35,367 - INFO - Successfully merged cells for LEC 2 on Tuesday
2025-04-11 15:23:35,367 - INFO - Successfully merged cells for LUNCH on Tuesday
2025-04-11 15:23:35,367 - INFO - Successfully merged cells for LEC 1 on Tuesday
2025-04-11 15:23:35,368 - INFO - Successfully merged cells for LEC 1 on Wednesday
2025-04-11 15:23:35,368 - INFO - Successfully merged cells for LEC 1 on Wednesday
2025-04-11 15:23:35,369 - INFO - Successfully merged cells for LUNCH on Wednesday
2025-04-11 15:23:35,369 - INFO - Successfully merged cells for LEC 1 on Wednesday
2025-04-11 15:23:35,371 - INFO - Successfully merged cells for LEC 2 on Thursday
2025-04-11 15:23:35,371 - INFO - Successfully merged cells for LEC 2 on Thursday
2025-04-11 15:23:35,372 - INFO - Successfully merged cells for LUNCH on Thursday
2025-04-11 15:23:35,372 - INFO - Successfully merged cells for LEC 2 on Thursday
2025-04-11 15:23:35,373 - INFO - Successfully merged cells for LEC 1 on Friday
2025-04-11 15:23:35,373 - INFO - Successfully merged cells for TUT 1 on Friday
2025-04-11 15:23:35,373 - INFO - Successfully merged cells for LEC 2 on Friday
2025-04-11 15:23:35,374 - INFO - Successfully merged cells for LUNCH on Friday
2025-04-11 15:23:35,375 - INFO - Processing department: ECE with 4 semester groups
2025-04-11 15:23:35,376 - INFO - Processing ECE semester 2A with 8 courses
2025-04-11 15:23:35,377 - INFO - Scheduled lunch break on Monday at 12:30-13:30
2025-04-11 15:23:35,377 - INFO - Scheduled lunch break on Tuesday at 12:30-13:30
2025-04-11 15:23:35,377 - INFO - Scheduled lunch break on Wednesday at 13:00-14:00
2025-04-11 15:23:35,377 - INFO - Scheduled lunch break on Thursday at 13:30-14:30
2025-04-11 15:23:35,378 - INFO - Scheduled lunch break on Friday at 12:30-13:30
2025-04-11 15:23:35,382 - INFO - Successfully merged cells for LEC 1 on Monday
2025-04-11 15:23:35,383 - INFO - Successfully merged cells for LEC 1 on Monday
2025-04-11 15:23:35,384 - INFO - Successfully merged cells for LUNCH on Monday
2025-04-11 15:23:35,385 - INFO - Successfully merged cells for LEC 1 on Monday
2025-04-11 15:23:35,385 - INFO - Successfully merged cells for LAB on Monday
2025-04-11 15:23:35,386 - INFO - Successfully merged cells for LEC 1 on Tuesday
2025-04-11 15:23:35,387 - INFO - Successfully merged cells for TUT 1 on Tuesday
2025-04-11 15:23:35,387 - INFO - Successfully merged cells for LUNCH on Tuesday
2025-04-11 15:23:35,387 - INFO - Successfully merged cells for LEC 2 on Tuesday
2025-04-11 15:23:35,387 - INFO - Successfully merged cells for TUT 1 on Tuesday
2025-04-11 15:23:35,388 - INFO - Successfully merged cells for TUT 1 on Tuesday
2025-04-11 15:23:35,388 - INFO - Successfully merged cells for LEC 2 on Wednesday
2025-04-11 15:23:35,389 - INFO - Successfully merged cells for LEC 1 on Wednesday
2025-04-11 15:23:35,390 - INFO - Successfully merged cells for LUNCH on Wednesday
2025-04-11 15:23:35,390 - INFO - Successfully merged cells for LEC 1 on Wednesday
2025-04-11 15:23:35,392 - INFO - Successfully merged cells for TUT 1 on Wednesday
2025-04-11 15:23:35,393 - INFO - Successfully merged cells for LEC 1 on Thursday
2025-04-11 15:23:35,393 - INFO - Successfully merged cells for LEC 2 on Thursday
2025-04-11 15:23:35,394 - INFO - Successfully merged cells for LUNCH on Thursday
2025-04-11 15:23:35,394 - INFO - Successfully merged cells for LEC 2 on Thursday
2025-04-11 15:23:35,395 - INFO - Successfully merged cells for LEC 1 on Thursday
2025-04-11 15:23:35,395 - INFO - Successfully merged cells for LEC 2 on Friday
2025-04-11 15:23:35,396 - INFO - Successfully merged cells for TUT 1 on Friday
2025-04-11 15:23:35,396 - INFO - Successfully merged cells for LUNCH on Friday
2025-04-11 15:23:35,396 - INFO - Successfully merged cells for TUT 1 on Friday
2025-04-11 15:23:35,396 - INFO - Successfully merged cells for LEC 2 on Friday
2025-04-11 15:23:35,397 - INFO - Successfully merged cells for TUT 2 on Friday
2025-04-11 15:23:35,398 - INFO - Processing ECE semester 4A with 6 courses
2025-04-11 15:23:35,399 - INFO - Scheduled lunch break on Monday at 12:30-13:30
2025-04-11 15:23:35,399 - INFO - Scheduled lunch break on Tuesday at 12:30-13:30
2025-04-11 15:23:35,399 - INFO - Scheduled lunch break on Wednesday at 13:00-14:00
2025-04-11 15:23:35,400 - INFO - Scheduled lunch break on Thursday at 12:30-13:30
2025-04-11 15:23:35,400 - INFO - Scheduled lunch break on Friday at 13:00-14:00
2025-04-11 15:23:35,405 - INFO - Successfully merged cells for LEC 2 on Monday
2025-04-11 15:23:35,406 - INFO - Successfully merged cells for LEC 2 on Monday
2025-04-11 15:23:35,407 - INFO - Successfully merged cells for LUNCH on Monday
2025-04-11 15:23:35,408 - INFO - Successfully merged cells for LAB on Monday
2025-04-11 15:23:35,409 - INFO - Successfully merged cells for LEC 2 on Monday
2025-04-11 15:23:35,409 - INFO - Successfully merged cells for LEC 1 on Tuesday
2025-04-11 15:23:35,409 - INFO - Successfully merged cells for LEC 2 on Tuesday
2025-04-11 15:23:35,410 - INFO - Successfully merged cells for LUNCH on Tuesday
2025-04-11 15:23:35,411 - INFO - Successfully merged cells for LEC 2 on Tuesday
2025-04-11 15:23:35,413 - INFO - Successfully merged cells for LEC 2 on Wednesday
2025-04-11 15:23:35,414 - INFO - Successfully merged cells for TUT 1 on Wednesday
2025-04-11 15:23:35,414 - INFO - Successfully merged cells for TUT 1 on Wednesday
2025-04-11 15:23:35,415 - INFO - Successfully merged cells for LUNCH on Wednesday
2025-04-11 15:23:35,415 - INFO - Successfully merged cells for LEC 1 on Wednesday
2025-04-11 15:23:35,415 - INFO - Successfully merged cells for TUT 1 on Thursday
2025-04-11 15:23:35,416 - INFO - Successfully merged cells for TUT 1 on Thursday
2025-04-11 15:23:35,416 - INFO - Successfully merged cells for LUNCH on Thursday
2025-04-11 15:23:35,417 - INFO - Successfully merged cells for LAB on Thursday
2025-04-11 15:23:35,417 - INFO - Successfully merged cells for LEC 1 on Friday
2025-04-11 15:23:35,417 - INFO - Successfully merged cells for LEC 1 on Friday
2025-04-11 15:23:35,417 - INFO - Successfully merged cells for LUNCH on Friday
2025-04-11 15:23:35,417 - INFO - Successfully merged cells for LEC 1 on Friday
2025-04-11 15:23:35,418 - INFO - Successfully merged cells for LEC 1 on Friday
2025-04-11 15:23:35,420 - INFO - Processing ECE semester 6A with 6 courses
2025-04-11 15:23:35,421 - INFO - Scheduled lunch break on Monday at 12:30-13:30
2025-04-11 15:23:35,421 - INFO - Scheduled lunch break on Tuesday at 13:30-14:30
2025-04-11 15:23:35,421 - INFO - Scheduled lunch break on Wednesday at 13:30-14:30
2025-04-11 15:23:35,421 - INFO - Scheduled lunch break on Thursday at 13:00-14:00
2025-04-11 15:23:35,421 - INFO - Scheduled lunch break on Friday at 13:00-14:00
2025-04-11 15:23:35,427 - INFO - Successfully merged cells for LEC 1 on Monday
2025-04-11 15:23:35,427 - INFO - Successfully merged cells for TUT 1 on Monday
2025-04-11 15:23:35,428 - INFO - Successfully merged cells for LUNCH on Monday
2025-04-11 15:23:35,429 - INFO - Successfully merged cells for LAB on Monday
2025-04-11 15:23:35,430 - INFO - Successfully merged cells for TUT 1 on Tuesday
2025-04-11 15:23:35,430 - INFO - Successfully merged cells for LEC 1 on Tuesday
2025-04-11 15:23:35,431 - INFO - Successfully merged cells for LUNCH on Tuesday
2025-04-11 15:23:35,431 - INFO - Successfully merged cells for LEC 2 on Tuesday
2025-04-11 15:23:35,431 - INFO - Successfully merged cells for LEC 1 on Wednesday
2025-04-11 15:23:35,432 - INFO - Successfully merged cells for LEC 1 on Wednesday
2025-04-11 15:23:35,432 - INFO - Successfully merged cells for LUNCH on Wednesday
2025-04-11 15:23:35,434 - INFO - Successfully merged cells for LEC 2 on Wednesday
2025-04-11 15:23:35,435 - INFO - Successfully merged cells for LEC 1 on Thursday
2025-04-11 15:23:35,435 - INFO - Successfully merged cells for LEC 2 on Thursday
2025-04-11 15:23:35,436 - INFO - Successfully merged cells for LUNCH on Thursday
2025-04-11 15:23:35,436 - INFO - Successfully merged cells for LEC 2 on Thursday
2025-04-11 15:23:35,437 - INFO - Successfully merged cells for LEC 2 on Friday
2025-04-11 15:23:35,437 - INFO - Successfully merged cells for TUT 1 on Friday
2025-04-11 15:23:35,437 - INFO - Successfully merged cells for TUT 1 on Friday
2025-04-11 15:23:35,437 - INFO - Successfully merged cells for LUNCH on Friday
2025-04-11 15:23:35,439 - INFO - Processing ECE semester 8A with 1 courses
2025-04-11 15:23:35,440 - INFO - Scheduled lunch break on Monday at 13:00-14:00
2025-04-11 15:23:35,441 - INFO - Scheduled lunch break on Tuesday at 12:30-13:30
2025-04-11 15:23:35,441 - INFO - Scheduled lunch break on Wednesday at 13:30-14:30
2025-04-11 15:23:35,441 - INFO - Scheduled lunch break on Thursday at 13:30-14:30
2025-04-11 15:23:35,442 - INFO - Scheduled lunch break on Friday at 13:00-14:00
2025-04-11 15:23:35,445 - INFO - Successfully merged cells for LUNCH on Monday
2025-04-11 15:23:35,447 - INFO - Successfully merged cells for LUNCH on Tuesday
2025-04-11 15:23:35,449 - INFO - Successfully merged cells for LUNCH on Wednesday
2025-04-11 15:23:35,450 - INFO - Successfully merged cells for LUNCH on Thursday
2025-04-11 15:23:35,452 - INFO - Successfully merged cells for LUNCH on Friday
2025-04-11 15:23:35,554 - INFO - Final timetables saved to improved_timetables.xlsx
2025-04-11 15:23:35,555 - INFO - Successfully scheduled 217 out of 217 courses (100.00%)
2025-04-11 16:31:17,544 - INFO - Generated 19 time slots from 09:00:00 to 18:30:00
2025-04-11 16:31:17,579 - INFO - Successfully loaded data from combined.xlsx
2025-04-11 16:31:17,579 - INFO - Generated course code EC2ALA for Linear Algebra
2025-04-11 16:31:17,579 - INFO - Generated course code EC2AO for Optimization
2025-04-11 16:31:17,579 - INFO - Generated course code EC2ACA for Computer Architecture
2025-04-11 16:31:17,579 - INFO - Generated course code EC2AELA for English Language and Communication
2025-04-11 16:31:17,579 - INFO - Generated course code EC2ADSA for Data Structures and Algorithms
2025-04-11 16:31:17,579 - INFO - Generated course code EC2ANA for Network Analysis
2025-04-11 16:31:17,579 - INFO - Assigned temporary classroom TBD_DSAI_2A for Optimization
2025-04-11 16:31:17,579 - INFO - Assigned temporary classroom TBD_DSAI_2A for Computer Architecture
2025-04-11 16:31:17,579 - INFO - Assigned temporary classroom TBD_DSAI_2A for Introduction to Digital VLSI Design/Photography101/Linux for Engineers/Data Science with Python/Introduction to Holistic Personality Development
2025-04-11 16:31:17,579 - INFO - Assigned temporary classroom TBD_ECE_2A for Optimization
2025-04-11 16:31:17,599 - INFO - Assigned temporary classroom TBD_ECE_2A for Computer Architecture
2025-04-11 16:31:17,602 - INFO - Assigned temporary classroom TBD_ECE_2A for Introduction to Digital VLSI Design/Photography101/Linux for Engineers/Data Science with Python/Introduction to Holistic Personality Development
2025-04-11 16:31:17,617 - INFO - Identified 4 elective groups: ['B1', 'B2', 'B3', 'B4']
2025-04-11 16:31:17,618 - INFO - Finding common timeslot for elective group B1 with 8 courses
2025-04-11 16:31:17,618 - INFO - Finding common timeslot for elective group B2 with 8 courses
2025-04-11 16:31:17,618 - INFO - Finding common timeslot for elective group B3 with 3 courses
2025-04-11 16:31:17,618 - INFO - Finding common timeslot for elective group B4 with 3 courses
2025-04-11 16:31:17,621 - INFO - Found 3 departments to process
2025-04-11 16:31:17,622 - INFO - Processing department: CSE with 7 semester groups
2025-04-11 16:31:17,626 - INFO - Processing CSE semester 2A with 7 courses
2025-04-11 16:31:17,626 - INFO - Scheduled lunch break on Monday at 12:30-13:30
2025-04-11 16:31:17,628 - INFO - Scheduled lunch break on Tuesday at 13:00-14:00
2025-04-11 16:31:17,628 - INFO - Scheduled lunch break on Wednesday at 13:00-14:00
2025-04-11 16:31:17,628 - INFO - Scheduled lunch break on Thursday at 13:30-14:30
2025-04-11 16:31:17,629 - INFO - Scheduled lunch break on Friday at 13:00-14:00
2025-04-11 16:31:17,629 - INFO - Found 2 elective courses for CSE semester 2A
2025-04-11 16:31:17,629 - INFO - Assigned time slot for elective B1: Monday at 09:00
2025-04-11 16:31:17,629 - INFO - Successfully scheduled elective B1 at common time slot
2025-04-11 16:31:17,629 - INFO - Assigned time slot for elective B2: Monday at 09:00
2025-04-11 16:31:17,633 - WARNING - Failed to schedule elective B2 at common time slot - conflict detected
2025-04-11 16:31:17,639 - INFO - Successfully merged cells for LEC 1 on Monday
2025-04-11 16:31:17,639 - INFO - Successfully merged cells for LEC 1 on Monday
2025-04-11 16:31:17,639 - INFO - Successfully merged cells for LUNCH on Monday
2025-04-11 16:31:17,640 - INFO - Successfully merged cells for LEC 1 on Monday
2025-04-11 16:31:17,640 - INFO - Successfully merged cells for LEC 2 on Monday
2025-04-11 16:31:17,641 - INFO - Successfully merged cells for LEC 2 on Tuesday
2025-04-11 16:31:17,642 - INFO - Successfully merged cells for LAB on Tuesday
2025-04-11 16:31:17,642 - INFO - Successfully merged cells for LUNCH on Tuesday
2025-04-11 16:31:17,644 - INFO - Successfully merged cells for LEC 2 on Tuesday
2025-04-11 16:31:17,645 - INFO - Successfully merged cells for LEC 2 on Tuesday
2025-04-11 16:31:17,647 - INFO - Successfully merged cells for LEC 1 on Wednesday
2025-04-11 16:31:17,647 - INFO - Successfully merged cells for LEC 2 on Wednesday
2025-04-11 16:31:17,647 - INFO - Successfully merged cells for LUNCH on Wednesday
2025-04-11 16:31:17,648 - INFO - Successfully merged cells for LEC 2 on Wednesday
2025-04-11 16:31:17,648 - INFO - Successfully merged cells for TUT 1 on Wednesday
2025-04-11 16:31:17,650 - INFO - Successfully merged cells for TUT 1 on Wednesday
2025-04-11 16:31:17,650 - INFO - Successfully merged cells for LEC 2 on Thursday
2025-04-11 16:31:17,652 - INFO - Successfully merged cells for LEC 1 on Thursday
2025-04-11 16:31:17,653 - INFO - Successfully merged cells for TUT 1 on Thursday
2025-04-11 16:31:17,653 - INFO - Successfully merged cells for LUNCH on Thursday
2025-04-11 16:31:17,654 - INFO - Successfully merged cells for LEC 1 on Thursday
2025-04-11 16:31:17,654 - INFO - Successfully merged cells for TUT 1 on Friday
2025-04-11 16:31:17,654 - INFO - Successfully merged cells for LAB on Friday
2025-04-11 16:31:17,654 - INFO - Successfully merged cells for LUNCH on Friday
2025-04-11 16:31:17,656 - INFO - Successfully merged cells for LEC 1 on Friday
2025-04-11 16:31:17,656 - INFO - Successfully merged cells for LEC 1 on Friday
2025-04-11 16:31:17,659 - INFO - Processing CSE semester 2B with 7 courses
2025-04-11 16:31:17,660 - INFO - Scheduled lunch break on Monday at 12:30-13:30
2025-04-11 16:31:17,660 - INFO - Scheduled lunch break on Tuesday at 12:30-13:30
2025-04-11 16:31:17,660 - INFO - Scheduled lunch break on Wednesday at 13:00-14:00
2025-04-11 16:31:17,660 - INFO - Scheduled lunch break on Thursday at 13:00-14:00
2025-04-11 16:31:17,661 - INFO - Scheduled lunch break on Friday at 13:30-14:30
2025-04-11 16:31:17,661 - INFO - Found 2 elective courses for CSE semester 2B
2025-04-11 16:31:17,662 - WARNING - Failed to schedule elective B1 at common time slot - conflict detected
2025-04-11 16:31:17,662 - INFO - Successfully scheduled elective B2 at common time slot
2025-04-11 16:31:17,663 - INFO - Successfully merged cells for LEC 1 on Monday
2025-04-11 16:31:17,663 - INFO - Successfully merged cells for LEC 1 on Monday
2025-04-11 16:31:17,663 - INFO - Successfully merged cells for LUNCH on Monday
2025-04-11 16:31:17,669 - INFO - Successfully merged cells for LEC 1 on Monday
2025-04-11 16:31:17,670 - INFO - Successfully merged cells for LEC 2 on Monday
2025-04-11 16:31:17,670 - INFO - Successfully merged cells for LEC 2 on Tuesday
2025-04-11 16:31:17,670 - INFO - Successfully merged cells for LEC 2 on Tuesday
2025-04-11 16:31:17,670 - INFO - Successfully merged cells for LUNCH on Tuesday
2025-04-11 16:31:17,670 - INFO - Successfully merged cells for LAB on Tuesday
2025-04-11 16:31:17,670 - INFO - Successfully merged cells for LEC 2 on Tuesday
2025-04-11 16:31:17,670 - INFO - Successfully merged cells for LEC 1 on Wednesday
2025-04-11 16:31:17,674 - INFO - Successfully merged cells for LEC 2 on Wednesday
2025-04-11 16:31:17,674 - INFO - Successfully merged cells for LUNCH on Wednesday
2025-04-11 16:31:17,674 - INFO - Successfully merged cells for LEC 2 on Wednesday
2025-04-11 16:31:17,675 - INFO - Successfully merged cells for TUT 1 on Wednesday
2025-04-11 16:31:17,675 - INFO - Successfully merged cells for TUT 1 on Wednesday
2025-04-11 16:31:17,675 - INFO - Successfully merged cells for LEC 2 on Thursday
2025-04-11 16:31:17,676 - INFO - Successfully merged cells for TUT 1 on Thursday
2025-04-11 16:31:17,676 - INFO - Successfully merged cells for LUNCH on Thursday
2025-04-11 16:31:17,677 - INFO - Successfully merged cells for LEC 1 on Thursday
2025-04-11 16:31:17,679 - INFO - Successfully merged cells for LEC 1 on Thursday
2025-04-11 16:31:17,679 - INFO - Successfully merged cells for LEC 1 on Friday
2025-04-11 16:31:17,679 - INFO - Successfully merged cells for TUT 1 on Friday
2025-04-11 16:31:17,679 - INFO - Successfully merged cells for LEC 1 on Friday
2025-04-11 16:31:17,679 - INFO - Successfully merged cells for LUNCH on Friday
2025-04-11 16:31:17,679 - INFO - Successfully merged cells for LAB on Friday
2025-04-11 16:31:17,679 - INFO - Processing CSE semester 4A with 6 courses
2025-04-11 16:31:17,679 - INFO - Scheduled lunch break on Monday at 12:30-13:30
2025-04-11 16:31:17,679 - INFO - Scheduled lunch break on Tuesday at 13:00-14:00
2025-04-11 16:31:17,683 - INFO - Scheduled lunch break on Wednesday at 13:00-14:00
2025-04-11 16:31:17,683 - INFO - Scheduled lunch break on Thursday at 12:30-13:30
2025-04-11 16:31:17,683 - INFO - Scheduled lunch break on Friday at 13:30-14:30
2025-04-11 16:31:17,689 - INFO - Successfully merged cells for LEC 1 on Monday
2025-04-11 16:31:17,689 - INFO - Successfully merged cells for TUT 1 on Monday
2025-04-11 16:31:17,690 - INFO - Successfully merged cells for LUNCH on Monday
2025-04-11 16:31:17,691 - INFO - Successfully merged cells for LAB on Monday
2025-04-11 16:31:17,692 - INFO - Successfully merged cells for LEC 1 on Monday
2025-04-11 16:31:17,692 - INFO - Successfully merged cells for LEC 1 on Tuesday
2025-04-11 16:31:17,693 - INFO - Successfully merged cells for LEC 2 on Tuesday
2025-04-11 16:31:17,693 - INFO - Successfully merged cells for LUNCH on Tuesday
2025-04-11 16:31:17,694 - INFO - Successfully merged cells for LEC 2 on Tuesday
2025-04-11 16:31:17,694 - INFO - Successfully merged cells for LEC 2 on Tuesday
2025-04-11 16:31:17,694 - INFO - Successfully merged cells for LEC 2 on Wednesday
2025-04-11 16:31:17,696 - INFO - Successfully merged cells for TUT 1 on Wednesday
2025-04-11 16:31:17,696 - INFO - Successfully merged cells for TUT 1 on Wednesday
2025-04-11 16:31:17,696 - INFO - Successfully merged cells for LUNCH on Wednesday
2025-04-11 16:31:17,697 - INFO - Successfully merged cells for LEC 1 on Wednesday
2025-04-11 16:31:17,698 - INFO - Successfully merged cells for TUT 1 on Thursday
2025-04-11 16:31:17,698 - INFO - Successfully merged cells for LEC 1 on Thursday
2025-04-11 16:31:17,698 - INFO - Successfully merged cells for LUNCH on Thursday
2025-04-11 16:31:17,701 - INFO - Successfully merged cells for LEC 1 on Thursday
2025-04-11 16:31:17,701 - INFO - Successfully merged cells for TUT 1 on Thursday
2025-04-11 16:31:17,702 - INFO - Successfully merged cells for LEC 2 on Friday
2025-04-11 16:31:17,702 - INFO - Successfully merged cells for LAB on Friday
2025-04-11 16:31:17,703 - INFO - Successfully merged cells for LUNCH on Friday
2025-04-11 16:31:17,703 - INFO - Successfully merged cells for LEC 2 on Friday
2025-04-11 16:31:17,704 - INFO - Processing CSE semester 4B with 6 courses
2025-04-11 16:31:17,705 - INFO - Scheduled lunch break on Monday at 12:30-13:30
2025-04-11 16:31:17,705 - INFO - Scheduled lunch break on Tuesday at 13:30-14:30
2025-04-11 16:31:17,705 - INFO - Scheduled lunch break on Wednesday at 12:30-13:30
2025-04-11 16:31:17,706 - INFO - Scheduled lunch break on Thursday at 13:30-14:30
2025-04-11 16:31:17,706 - INFO - Scheduled lunch break on Friday at 12:30-13:30
2025-04-11 16:31:17,712 - INFO - Successfully merged cells for TUT 1 on Monday
2025-04-11 16:31:17,712 - INFO - Successfully merged cells for TUT 1 on Monday
2025-04-11 16:31:17,712 - INFO - Successfully merged cells for LUNCH on Monday
2025-04-11 16:31:17,712 - INFO - Successfully merged cells for LAB on Monday
2025-04-11 16:31:17,716 - INFO - Successfully merged cells for TUT 1 on Monday
2025-04-11 16:31:17,716 - INFO - Successfully merged cells for LEC 1 on Tuesday
2025-04-11 16:31:17,717 - INFO - Successfully merged cells for TUT 1 on Tuesday
2025-04-11 16:31:17,719 - INFO - Successfully merged cells for LEC 1 on Tuesday
2025-04-11 16:31:17,720 - INFO - Successfully merged cells for LUNCH on Tuesday
2025-04-11 16:31:17,720 - INFO - Successfully merged cells for LEC 1 on Tuesday
2025-04-11 16:31:17,720 - INFO - Successfully merged cells for LEC 2 on Wednesday
2025-04-11 16:31:17,720 - INFO - Successfully merged cells for LEC 1 on Wednesday
2025-04-11 16:31:17,720 - INFO - Successfully merged cells for LUNCH on Wednesday
2025-04-11 16:31:17,720 - INFO - Successfully merged cells for LEC 1 on Wednesday
2025-04-11 16:31:17,720 - INFO - Successfully merged cells for TUT 1 on Thursday
2025-04-11 16:31:17,720 - INFO - Successfully merged cells for LEC 2 on Thursday
2025-04-11 16:31:17,720 - INFO - Successfully merged cells for LUNCH on Thursday
2025-04-11 16:31:17,725 - INFO - Successfully merged cells for LEC 2 on Thursday
2025-04-11 16:31:17,726 - INFO - Successfully merged cells for LEC 2 on Thursday
2025-04-11 16:31:17,727 - INFO - Successfully merged cells for LEC 2 on Friday
2025-04-11 16:31:17,728 - INFO - Successfully merged cells for LEC 1 on Friday
2025-04-11 16:31:17,728 - INFO - Successfully merged cells for LUNCH on Friday
2025-04-11 16:31:17,728 - INFO - Successfully merged cells for LEC 2 on Friday
2025-04-11 16:31:17,730 - INFO - Processing CSE semester 6A with 6 courses
2025-04-11 16:31:17,730 - INFO - Scheduled lunch break on Monday at 13:30-14:30
2025-04-11 16:31:17,730 - INFO - Scheduled lunch break on Tuesday at 13:30-14:30
2025-04-11 16:31:17,730 - INFO - Scheduled lunch break on Wednesday at 13:30-14:30
2025-04-11 16:31:17,731 - INFO - Scheduled lunch break on Thursday at 13:00-14:00
2025-04-11 16:31:17,731 - INFO - Scheduled lunch break on Friday at 13:30-14:30
2025-04-11 16:31:17,731 - INFO - Found 4 elective courses for CSE semester 6A
2025-04-11 16:31:17,732 - INFO - Successfully scheduled elective B1 at common time slot
2025-04-11 16:31:17,732 - WARNING - Failed to schedule elective B2 at common time slot - conflict detected
2025-04-11 16:31:17,732 - INFO - Assigned time slot for elective B3: Monday at 09:00
2025-04-11 16:31:17,732 - WARNING - Failed to schedule elective B3 at common time slot - conflict detected
2025-04-11 16:31:17,732 - INFO - Assigned time slot for elective B4: Monday at 09:00
2025-04-11 16:31:17,732 - WARNING - Failed to schedule elective B4 at common time slot - conflict detected
2025-04-11 16:31:17,739 - INFO - Successfully merged cells for LEC 1 on Monday
2025-04-11 16:31:17,739 - INFO - Successfully merged cells for LEC 2 on Monday
2025-04-11 16:31:17,742 - INFO - Successfully merged cells for LUNCH on Monday
2025-04-11 16:31:17,742 - INFO - Successfully merged cells for LEC 2 on Monday
2025-04-11 16:31:17,743 - INFO - Successfully merged cells for TUT 1 on Tuesday
2025-04-11 16:31:17,743 - INFO - Successfully merged cells for LAB on Tuesday
2025-04-11 16:31:17,744 - INFO - Successfully merged cells for LUNCH on Tuesday
2025-04-11 16:31:17,744 - INFO - Successfully merged cells for TUT 1 on Tuesday
2025-04-11 16:31:17,745 - INFO - Successfully merged cells for TUT 1 on Tuesday
2025-04-11 16:31:17,745 - INFO - Successfully merged cells for LEC 1 on Wednesday
2025-04-11 16:31:17,746 - INFO - Successfully merged cells for TUT 1 on Wednesday
2025-04-11 16:31:17,746 - INFO - Successfully merged cells for LEC 1 on Wednesday
2025-04-11 16:31:17,749 - INFO - Successfully merged cells for LUNCH on Wednesday
2025-04-11 16:31:17,750 - INFO - Successfully merged cells for LEC 2 on Thursday
2025-04-11 16:31:17,750 - INFO - Successfully merged cells for LEC 1 on Thursday
2025-04-11 16:31:17,751 - INFO - Successfully merged cells for LUNCH on Thursday
2025-04-11 16:31:17,751 - INFO - Successfully merged cells for LEC 1 on Thursday
2025-04-11 16:31:17,753 - INFO - Successfully merged cells for LEC 1 on Friday
2025-04-11 16:31:17,754 - INFO - Successfully merged cells for LEC 2 on Friday
2025-04-11 16:31:17,754 - INFO - Successfully merged cells for LUNCH on Friday
2025-04-11 16:31:17,754 - INFO - Successfully merged cells for LEC 2 on Friday
2025-04-11 16:31:17,758 - INFO - Processing CSE semester 6B with 6 courses
2025-04-11 16:31:17,759 - INFO - Scheduled lunch break on Monday at 13:00-14:00
2025-04-11 16:31:17,759 - INFO - Scheduled lunch break on Tuesday at 13:30-14:30
2025-04-11 16:31:17,759 - INFO - Scheduled lunch break on Wednesday at 12:30-13:30
2025-04-11 16:31:17,759 - INFO - Scheduled lunch break on Thursday at 13:30-14:30
2025-04-11 16:31:17,759 - INFO - Scheduled lunch break on Friday at 13:30-14:30
2025-04-11 16:31:17,760 - INFO - Found 4 elective courses for CSE semester 6B
2025-04-11 16:31:17,761 - WARNING - Failed to schedule elective B1 at common time slot - conflict detected
2025-04-11 16:31:17,761 - INFO - Successfully scheduled elective B2 at common time slot
2025-04-11 16:31:17,761 - WARNING - Failed to schedule elective B3 at common time slot - conflict detected
2025-04-11 16:31:17,761 - WARNING - Failed to schedule elective B4 at common time slot - conflict detected
2025-04-11 16:31:17,767 - INFO - Successfully merged cells for LEC 1 on Monday
2025-04-11 16:31:17,767 - INFO - Successfully merged cells for LEC 2 on Monday
2025-04-11 16:31:17,769 - INFO - Successfully merged cells for LUNCH on Monday
2025-04-11 16:31:17,770 - INFO - Successfully merged cells for LEC 2 on Monday
2025-04-11 16:31:17,770 - INFO - Successfully merged cells for TUT 1 on Tuesday
2025-04-11 16:31:17,771 - INFO - Successfully merged cells for LAB on Tuesday
2025-04-11 16:31:17,771 - INFO - Successfully merged cells for LUNCH on Tuesday
2025-04-11 16:31:17,772 - INFO - Successfully merged cells for TUT 1 on Tuesday
2025-04-11 16:31:17,772 - INFO - Successfully merged cells for TUT 1 on Tuesday
2025-04-11 16:31:17,772 - INFO - Successfully merged cells for LEC 1 on Wednesday
2025-04-11 16:31:17,773 - INFO - Successfully merged cells for LUNCH on Wednesday
2025-04-11 16:31:17,773 - INFO - Successfully merged cells for TUT 1 on Wednesday
2025-04-11 16:31:17,774 - INFO - Successfully merged cells for LEC 1 on Wednesday
2025-04-11 16:31:17,776 - INFO - Successfully merged cells for LEC 2 on Thursday
2025-04-11 16:31:17,777 - INFO - Successfully merged cells for LEC 1 on Thursday
2025-04-11 16:31:17,778 - INFO - Successfully merged cells for LUNCH on Thursday
2025-04-11 16:31:17,778 - INFO - Successfully merged cells for LEC 1 on Thursday
2025-04-11 16:31:17,779 - INFO - Successfully merged cells for LEC 2 on Friday
2025-04-11 16:31:17,779 - INFO - Successfully merged cells for LEC 1 on Friday
2025-04-11 16:31:17,780 - INFO - Successfully merged cells for LUNCH on Friday
2025-04-11 16:31:17,782 - INFO - Successfully merged cells for LEC 2 on Friday
2025-04-11 16:31:17,782 - INFO - Processing CSE semester 8A with 1 courses
2025-04-11 16:31:17,782 - INFO - Scheduled lunch break on Monday at 12:30-13:30
2025-04-11 16:31:17,782 - INFO - Scheduled lunch break on Tuesday at 12:30-13:30
2025-04-11 16:31:17,782 - INFO - Scheduled lunch break on Wednesday at 12:30-13:30
2025-04-11 16:31:17,782 - INFO - Scheduled lunch break on Thursday at 12:30-13:30
2025-04-11 16:31:17,782 - INFO - Scheduled lunch break on Friday at 12:30-13:30
2025-04-11 16:31:17,790 - INFO - Successfully merged cells for LUNCH on Monday
2025-04-11 16:31:17,792 - INFO - Successfully merged cells for LUNCH on Tuesday
2025-04-11 16:31:17,793 - INFO - Successfully merged cells for LUNCH on Wednesday
2025-04-11 16:31:17,794 - INFO - Successfully merged cells for LUNCH on Thursday
2025-04-11 16:31:17,797 - INFO - Successfully merged cells for LUNCH on Friday
2025-04-11 16:31:17,799 - INFO - Processing department: DSAI with 3 semester groups
2025-04-11 16:31:17,800 - INFO - Processing DSAI semester 2A with 8 courses
2025-04-11 16:31:17,800 - INFO - Scheduled lunch break on Monday at 13:30-14:30
2025-04-11 16:31:17,801 - INFO - Scheduled lunch break on Tuesday at 13:00-14:00
2025-04-11 16:31:17,801 - INFO - Scheduled lunch break on Wednesday at 13:00-14:00
2025-04-11 16:31:17,801 - INFO - Scheduled lunch break on Thursday at 12:30-13:30
2025-04-11 16:31:17,801 - INFO - Scheduled lunch break on Friday at 12:30-13:30
2025-04-11 16:31:17,802 - INFO - Found 2 elective courses for DSAI semester 2A
2025-04-11 16:31:17,804 - INFO - Successfully scheduled elective B1(ASD151/HS151/New/New/New/New) at common time slot
2025-04-11 16:31:17,804 - WARNING - Failed to schedule elective B2(New/New/New/New/New) at common time slot - conflict detected
2025-04-11 16:31:17,808 - INFO - Successfully merged cells for LEC 1 on Monday
2025-04-11 16:31:17,810 - INFO - Successfully merged cells for LEC 1 on Monday
2025-04-11 16:31:17,811 - INFO - Successfully merged cells for TUT 1 on Monday
2025-04-11 16:31:17,811 - INFO - Successfully merged cells for LUNCH on Monday
2025-04-11 16:31:17,811 - INFO - Successfully merged cells for LEC 1 on Monday
2025-04-11 16:31:17,812 - INFO - Successfully merged cells for LEC 1 on Monday
2025-04-11 16:31:17,812 - INFO - Successfully merged cells for LEC 2 on Tuesday
2025-04-11 16:31:17,813 - INFO - Successfully merged cells for LAB on Tuesday
2025-04-11 16:31:17,813 - INFO - Successfully merged cells for LUNCH on Tuesday
2025-04-11 16:31:17,813 - INFO - Successfully merged cells for LEC 2 on Tuesday
2025-04-11 16:31:17,814 - INFO - Successfully merged cells for TUT 1 on Tuesday
2025-04-11 16:31:17,814 - INFO - Successfully merged cells for TUT 2 on Tuesday
2025-04-11 16:31:17,816 - INFO - Successfully merged cells for LEC 1 on Wednesday
2025-04-11 16:31:17,816 - INFO - Successfully merged cells for LEC 2 on Wednesday
2025-04-11 16:31:17,816 - INFO - Successfully merged cells for LUNCH on Wednesday
2025-04-11 16:31:17,816 - INFO - Successfully merged cells for LEC 2 on Wednesday
2025-04-11 16:31:17,816 - INFO - Successfully merged cells for LEC 2 on Wednesday
2025-04-11 16:31:17,816 - INFO - Successfully merged cells for LEC 2 on Thursday
2025-04-11 16:31:17,820 - INFO - Successfully merged cells for LEC 1 on Thursday
2025-04-11 16:31:17,820 - INFO - Successfully merged cells for LUNCH on Thursday
2025-04-11 16:31:17,820 - INFO - Successfully merged cells for TUT 1 on Thursday
2025-04-11 16:31:17,821 - INFO - Successfully merged cells for TUT 1 on Thursday
2025-04-11 16:31:17,821 - INFO - Successfully merged cells for LEC 1 on Thursday
2025-04-11 16:31:17,821 - INFO - Successfully merged cells for TUT 1 on Friday
2025-04-11 16:31:17,822 - INFO - Successfully merged cells for LEC 1 on Friday
2025-04-11 16:31:17,822 - INFO - Successfully merged cells for LUNCH on Friday
2025-04-11 16:31:17,822 - INFO - Successfully merged cells for LAB on Friday
2025-04-11 16:31:17,823 - INFO - Successfully merged cells for LEC 1 on Friday
2025-04-11 16:31:17,825 - INFO - Processing DSAI semester 4A with 6 courses
2025-04-11 16:31:17,825 - INFO - Scheduled lunch break on Monday at 13:30-14:30
2025-04-11 16:31:17,826 - INFO - Scheduled lunch break on Tuesday at 13:30-14:30
2025-04-11 16:31:17,826 - INFO - Scheduled lunch break on Wednesday at 13:30-14:30
2025-04-11 16:31:17,826 - INFO - Scheduled lunch break on Thursday at 12:30-13:30
2025-04-11 16:31:17,826 - INFO - Scheduled lunch break on Friday at 13:00-14:00
2025-04-11 16:31:17,833 - INFO - Successfully merged cells for LEC 2 on Monday
2025-04-11 16:31:17,834 - INFO - Successfully merged cells for LAB on Monday
2025-04-11 16:31:17,834 - INFO - Successfully merged cells for LUNCH on Monday
2025-04-11 16:31:17,835 - INFO - Successfully merged cells for TUT 1 on Monday
2025-04-11 16:31:17,835 - INFO - Successfully merged cells for LEC 2 on Monday
2025-04-11 16:31:17,835 - INFO - Successfully merged cells for LEC 1 on Tuesday
2025-04-11 16:31:17,836 - INFO - Successfully merged cells for LEC 2 on Tuesday
2025-04-11 16:31:17,836 - INFO - Successfully merged cells for LUNCH on Tuesday
2025-04-11 16:31:17,838 - INFO - Successfully merged cells for LEC 2 on Tuesday
2025-04-11 16:31:17,839 - INFO - Successfully merged cells for LEC 2 on Wednesday
2025-04-11 16:31:17,839 - INFO - Successfully merged cells for TUT 1 on Wednesday
2025-04-11 16:31:17,839 - INFO - Successfully merged cells for LEC 1 on Wednesday
2025-04-11 16:31:17,840 - INFO - Successfully merged cells for LUNCH on Wednesday
2025-04-11 16:31:17,840 - INFO - Successfully merged cells for LEC 1 on Wednesday
2025-04-11 16:31:17,840 - INFO - Successfully merged cells for TUT 1 on Thursday
2025-04-11 16:31:17,841 - INFO - Successfully merged cells for LEC 1 on Thursday
2025-04-11 16:31:17,841 - INFO - Successfully merged cells for LUNCH on Thursday
2025-04-11 16:31:17,842 - INFO - Successfully merged cells for LAB on Thursday
2025-04-11 16:31:17,842 - INFO - Successfully merged cells for LEC 1 on Friday
2025-04-11 16:31:17,843 - INFO - Successfully merged cells for LEC 1 on Friday
2025-04-11 16:31:17,845 - INFO - Successfully merged cells for LUNCH on Friday
2025-04-11 16:31:17,845 - INFO - Successfully merged cells for LEC 2 on Friday
2025-04-11 16:31:17,847 - INFO - Processing DSAI semester 6A with 8 courses
2025-04-11 16:31:17,847 - INFO - Scheduled lunch break on Monday at 13:30-14:30
2025-04-11 16:31:17,847 - INFO - Scheduled lunch break on Tuesday at 13:30-14:30
2025-04-11 16:31:17,847 - INFO - Scheduled lunch break on Wednesday at 13:30-14:30
2025-04-11 16:31:17,847 - INFO - Scheduled lunch break on Thursday at 13:30-14:30
2025-04-11 16:31:17,848 - INFO - Scheduled lunch break on Friday at 13:00-14:00
2025-04-11 16:31:17,848 - INFO - Found 2 elective courses for DSAI semester 6A
2025-04-11 16:31:17,849 - INFO - Successfully scheduled elective B1 at common time slot
2025-04-11 16:31:17,849 - WARNING - Failed to schedule elective B2 at common time slot - conflict detected
2025-04-11 16:31:17,851 - INFO - Successfully merged cells for LEC 1 on Monday
2025-04-11 16:31:17,851 - INFO - Successfully merged cells for LEC 1 on Monday
2025-04-11 16:31:17,851 - INFO - Successfully merged cells for LUNCH on Monday
2025-04-11 16:31:17,856 - INFO - Successfully merged cells for LEC 1 on Monday
2025-04-11 16:31:17,856 - INFO - Successfully merged cells for LEC 2 on Tuesday
2025-04-11 16:31:17,857 - INFO - Successfully merged cells for LEC 1 on Tuesday
2025-04-11 16:31:17,858 - INFO - Successfully merged cells for LUNCH on Tuesday
2025-04-11 16:31:17,858 - INFO - Successfully merged cells for LEC 2 on Tuesday
2025-04-11 16:31:17,859 - INFO - Successfully merged cells for TUT 1 on Wednesday
2025-04-11 16:31:17,860 - INFO - Successfully merged cells for LEC 2 on Wednesday
2025-04-11 16:31:17,860 - INFO - Successfully merged cells for TUT 1 on Wednesday
2025-04-11 16:31:17,860 - INFO - Successfully merged cells for LUNCH on Wednesday
2025-04-11 16:31:17,860 - INFO - Successfully merged cells for LEC 2 on Wednesday
2025-04-11 16:31:17,860 - INFO - Successfully merged cells for LEC 1 on Thursday
2025-04-11 16:31:17,860 - INFO - Successfully merged cells for LEC 1 on Thursday
2025-04-11 16:31:17,860 - INFO - Successfully merged cells for TUT 1 on Thursday
2025-04-11 16:31:17,860 - INFO - Successfully merged cells for LUNCH on Thursday
2025-04-11 16:31:17,864 - INFO - Successfully merged cells for TUT 1 on Thursday
2025-04-11 16:31:17,864 - INFO - Successfully merged cells for LEC 2 on Friday
2025-04-11 16:31:17,864 - INFO - Successfully merged cells for LEC 2 on Friday
2025-04-11 16:31:17,867 - INFO - Successfully merged cells for LUNCH on Friday
2025-04-11 16:31:17,867 - INFO - Successfully merged cells for LEC 1 on Friday
2025-04-11 16:31:17,869 - INFO - Processing department: ECE with 4 semester groups
2025-04-11 16:31:17,869 - INFO - Processing ECE semester 2A with 8 courses
2025-04-11 16:31:17,870 - INFO - Scheduled lunch break on Monday at 13:30-14:30
2025-04-11 16:31:17,870 - INFO - Scheduled lunch break on Tuesday at 13:30-14:30
2025-04-11 16:31:17,870 - INFO - Scheduled lunch break on Wednesday at 13:30-14:30
2025-04-11 16:31:17,870 - INFO - Scheduled lunch break on Thursday at 13:30-14:30
2025-04-11 16:31:17,870 - INFO - Scheduled lunch break on Friday at 13:00-14:00
2025-04-11 16:31:17,871 - INFO - Found 2 elective courses for ECE semester 2A
2025-04-11 16:31:17,871 - WARNING - Failed to schedule elective B1(ASD151/HS151/New/New/New/New) at common time slot - conflict detected
2025-04-11 16:31:17,872 - INFO - Successfully scheduled elective B2(New/New/New/New/New) at common time slot
2025-04-11 16:31:17,878 - INFO - Successfully merged cells for LEC 1 on Monday
2025-04-11 16:31:17,879 - INFO - Successfully merged cells for LEC 2 on Monday
2025-04-11 16:31:17,880 - INFO - Successfully merged cells for TUT 1 on Monday
2025-04-11 16:31:17,881 - INFO - Successfully merged cells for LUNCH on Monday
2025-04-11 16:31:17,881 - INFO - Successfully merged cells for LEC 2 on Monday
2025-04-11 16:31:17,881 - INFO - Successfully merged cells for LEC 1 on Monday
2025-04-11 16:31:17,882 - INFO - Successfully merged cells for TUT 1 on Tuesday
2025-04-11 16:31:17,882 - INFO - Successfully merged cells for LAB on Tuesday
2025-04-11 16:31:17,883 - INFO - Successfully merged cells for LUNCH on Tuesday
2025-04-11 16:31:17,883 - INFO - Successfully merged cells for TUT 1 on Tuesday
2025-04-11 16:31:17,884 - INFO - Successfully merged cells for LEC 1 on Tuesday
2025-04-11 16:31:17,884 - INFO - Successfully merged cells for TUT 1 on Tuesday
2025-04-11 16:31:17,885 - INFO - Successfully merged cells for LEC 1 on Wednesday
2025-04-11 16:31:17,886 - INFO - Successfully merged cells for TUT 1 on Wednesday
2025-04-11 16:31:17,886 - INFO - Successfully merged cells for LEC 1 on Wednesday
2025-04-11 16:31:17,886 - INFO - Successfully merged cells for LUNCH on Wednesday
2025-04-11 16:31:17,886 - INFO - Successfully merged cells for LEC 2 on Wednesday
2025-04-11 16:31:17,889 - INFO - Successfully merged cells for TUT 2 on Wednesday
2025-04-11 16:31:17,890 - INFO - Successfully merged cells for LEC 2 on Thursday
2025-04-11 16:31:17,890 - INFO - Successfully merged cells for LEC 1 on Thursday
2025-04-11 16:31:17,891 - INFO - Successfully merged cells for LUNCH on Thursday
2025-04-11 16:31:17,892 - INFO - Successfully merged cells for LEC 1 on Thursday
2025-04-11 16:31:17,893 - INFO - Successfully merged cells for LEC 1 on Thursday
2025-04-11 16:31:17,894 - INFO - Successfully merged cells for LEC 1 on Friday
2025-04-11 16:31:17,894 - INFO - Successfully merged cells for LEC 2 on Friday
2025-04-11 16:31:17,894 - INFO - Successfully merged cells for LUNCH on Friday
2025-04-11 16:31:17,894 - INFO - Successfully merged cells for LEC 2 on Friday
2025-04-11 16:31:17,894 - INFO - Successfully merged cells for TUT 1 on Friday
2025-04-11 16:31:17,894 - INFO - Processing ECE semester 4A with 6 courses
2025-04-11 16:31:17,894 - INFO - Scheduled lunch break on Monday at 13:30-14:30
2025-04-11 16:31:17,894 - INFO - Scheduled lunch break on Tuesday at 12:30-13:30
2025-04-11 16:31:17,894 - INFO - Scheduled lunch break on Wednesday at 13:30-14:30
2025-04-11 16:31:17,899 - INFO - Scheduled lunch break on Thursday at 13:00-14:00
2025-04-11 16:31:17,899 - INFO - Scheduled lunch break on Friday at 13:30-14:30
2025-04-11 16:31:17,904 - INFO - Successfully merged cells for LEC 2 on Monday
2025-04-11 16:31:17,905 - INFO - Successfully merged cells for LAB on Monday
2025-04-11 16:31:17,906 - INFO - Successfully merged cells for LUNCH on Monday
2025-04-11 16:31:17,907 - INFO - Successfully merged cells for LEC 2 on Monday
2025-04-11 16:31:17,907 - INFO - Successfully merged cells for LEC 2 on Monday
2025-04-11 16:31:17,907 - INFO - Successfully merged cells for LEC 1 on Tuesday
2025-04-11 16:31:17,909 - INFO - Successfully merged cells for LEC 2 on Tuesday
2025-04-11 16:31:17,909 - INFO - Successfully merged cells for LUNCH on Tuesday
2025-04-11 16:31:17,910 - INFO - Successfully merged cells for LEC 2 on Tuesday
2025-04-11 16:31:17,911 - INFO - Successfully merged cells for LEC 2 on Wednesday
2025-04-11 16:31:17,911 - INFO - Successfully merged cells for TUT 1 on Wednesday
2025-04-11 16:31:17,912 - INFO - Successfully merged cells for LEC 1 on Wednesday
2025-04-11 16:31:17,913 - INFO - Successfully merged cells for LUNCH on Wednesday
2025-04-11 16:31:17,913 - INFO - Successfully merged cells for TUT 1 on Wednesday
2025-04-11 16:31:17,915 - INFO - Successfully merged cells for TUT 1 on Thursday
2025-04-11 16:31:17,915 - INFO - Successfully merged cells for LAB on Thursday
2025-04-11 16:31:17,915 - INFO - Successfully merged cells for LUNCH on Thursday
2025-04-11 16:31:17,915 - INFO - Successfully merged cells for TUT 1 on Thursday
2025-04-11 16:31:17,917 - INFO - Successfully merged cells for LEC 1 on Friday
2025-04-11 16:31:17,917 - INFO - Successfully merged cells for LEC 1 on Friday
2025-04-11 16:31:17,918 - INFO - Successfully merged cells for LUNCH on Friday
2025-04-11 16:31:17,919 - INFO - Successfully merged cells for LEC 1 on Friday
2025-04-11 16:31:17,920 - INFO - Successfully merged cells for LEC 1 on Friday
2025-04-11 16:31:17,921 - INFO - Processing ECE semester 6A with 6 courses
2025-04-11 16:31:17,922 - INFO - Scheduled lunch break on Monday at 13:00-14:00
2025-04-11 16:31:17,922 - INFO - Scheduled lunch break on Tuesday at 13:00-14:00
2025-04-11 16:31:17,923 - INFO - Scheduled lunch break on Wednesday at 13:00-14:00
2025-04-11 16:31:17,923 - INFO - Scheduled lunch break on Thursday at 12:30-13:30
2025-04-11 16:31:17,923 - INFO - Scheduled lunch break on Friday at 13:30-14:30
2025-04-11 16:31:17,924 - INFO - Found 4 elective courses for ECE semester 6A
2025-04-11 16:31:17,924 - INFO - Successfully scheduled elective B1 at common time slot
2025-04-11 16:31:17,925 - WARNING - Failed to schedule elective B2 at common time slot - conflict detected
2025-04-11 16:31:17,925 - WARNING - Failed to schedule elective B3 at common time slot - conflict detected
2025-04-11 16:31:17,925 - WARNING - Failed to schedule elective B4 at common time slot - conflict detected
2025-04-11 16:31:17,928 - INFO - Successfully merged cells for LEC 1 on Monday
2025-04-11 16:31:17,934 - INFO - Successfully merged cells for LEC 2 on Monday
2025-04-11 16:31:17,935 - INFO - Successfully merged cells for LUNCH on Monday
2025-04-11 16:31:17,936 - INFO - Successfully merged cells for LEC 2 on Monday
2025-04-11 16:31:17,937 - INFO - Successfully merged cells for LEC 1 on Tuesday
2025-04-11 16:31:17,938 - INFO - Successfully merged cells for TUT 1 on Tuesday
2025-04-11 16:31:17,939 - INFO - Successfully merged cells for TUT 1 on Tuesday
2025-04-11 16:31:17,940 - INFO - Successfully merged cells for LUNCH on Tuesday
2025-04-11 16:31:17,941 - INFO - Successfully merged cells for LEC 1 on Tuesday
2025-04-11 16:31:17,941 - INFO - Successfully merged cells for TUT 1 on Wednesday
2025-04-11 16:31:17,941 - INFO - Successfully merged cells for LAB on Wednesday
2025-04-11 16:31:17,941 - INFO - Successfully merged cells for LUNCH on Wednesday
2025-04-11 16:31:17,941 - INFO - Successfully merged cells for TUT 1 on Wednesday
2025-04-11 16:31:17,945 - INFO - Successfully merged cells for LEC 1 on Thursday
2025-04-11 16:31:17,945 - INFO - Successfully merged cells for LEC 1 on Thursday
2025-04-11 16:31:17,946 - INFO - Successfully merged cells for LUNCH on Thursday
2025-04-11 16:31:17,947 - INFO - Successfully merged cells for LEC 2 on Thursday
2025-04-11 16:31:17,953 - INFO - Successfully merged cells for LEC 1 on Friday
2025-04-11 16:31:17,955 - INFO - Successfully merged cells for LEC 2 on Friday
2025-04-11 16:31:17,957 - INFO - Successfully merged cells for LUNCH on Friday
2025-04-11 16:31:17,958 - INFO - Successfully merged cells for LEC 2 on Friday
2025-04-11 16:31:17,961 - INFO - Processing ECE semester 8A with 1 courses
2025-04-11 16:31:17,961 - INFO - Scheduled lunch break on Monday at 13:00-14:00
2025-04-11 16:31:17,962 - INFO - Scheduled lunch break on Tuesday at 12:30-13:30
2025-04-11 16:31:17,963 - INFO - Scheduled lunch break on Wednesday at 13:00-14:00
2025-04-11 16:31:17,963 - INFO - Scheduled lunch break on Thursday at 13:00-14:00
2025-04-11 16:31:17,963 - INFO - Scheduled lunch break on Friday at 12:30-13:30
2025-04-11 16:31:17,968 - INFO - Successfully merged cells for LUNCH on Monday
2025-04-11 16:31:17,970 - INFO - Successfully merged cells for LUNCH on Tuesday
2025-04-11 16:31:17,973 - INFO - Successfully merged cells for LUNCH on Wednesday
2025-04-11 16:31:17,974 - INFO - Successfully merged cells for LUNCH on Thursday
2025-04-11 16:31:17,976 - INFO - Successfully merged cells for LUNCH on Friday
2025-04-11 16:31:18,079 - INFO - Final timetables saved to improved_timetables.xlsx
2025-04-11 16:31:18,079 - INFO - Successfully scheduled 225 out of 239 courses (94.14%)
2025-04-11 17:00:05,822 - INFO - Generated 19 time slots from 09:00:00 to 18:30:00
2025-04-11 17:00:05,862 - INFO - Successfully loaded data from combined.xlsx
2025-04-11 17:00:05,865 - INFO - Generated course code EC2ALA for Linear Algebra
2025-04-11 17:00:05,865 - INFO - Generated course code EC2AO for Optimization
2025-04-11 17:00:05,866 - INFO - Generated course code EC2ACA for Computer Architecture
2025-04-11 17:00:05,866 - INFO - Generated course code EC2AELA for English Language and Communication
2025-04-11 17:00:05,866 - INFO - Generated course code EC2ADSA for Data Structures and Algorithms
2025-04-11 17:00:05,867 - INFO - Generated course code EC2ANA for Network Analysis
2025-04-11 17:00:05,868 - INFO - Assigned temporary classroom TBD_DSAI_2A for Optimization
2025-04-11 17:00:05,868 - INFO - Assigned temporary classroom TBD_DSAI_2A for Computer Architecture
2025-04-11 17:00:05,869 - INFO - Assigned temporary classroom TBD_DSAI_2A for Introduction to Digital VLSI Design/Photography101/Linux for Engineers/Data Science with Python/Introduction to Holistic Personality Development
2025-04-11 17:00:05,871 - INFO - Assigned temporary classroom TBD_ECE_2A for Optimization
2025-04-11 17:00:05,871 - INFO - Assigned temporary classroom TBD_ECE_2A for Computer Architecture
2025-04-11 17:00:05,872 - INFO - Assigned temporary classroom TBD_ECE_2A for Introduction to Digital VLSI Design/Photography101/Linux for Engineers/Data Science with Python/Introduction to Holistic Personality Development
2025-04-11 17:00:05,878 - INFO - Elective group CSE_2A_B1 contains 1 courses
2025-04-11 17:00:05,879 - INFO - Elective group CSE_2A_B2 contains 1 courses
2025-04-11 17:00:05,879 - INFO - Elective group CSE_2B_B1 contains 1 courses
2025-04-11 17:00:05,880 - INFO - Elective group CSE_2B_B2 contains 1 courses
2025-04-11 17:00:05,881 - INFO - Elective group CSE_6A_B1 contains 1 courses
2025-04-11 17:00:05,881 - INFO - Elective group CSE_6A_B2 contains 1 courses
2025-04-11 17:00:05,881 - INFO - Elective group CSE_6A_B3 contains 1 courses
2025-04-11 17:00:05,881 - INFO - Elective group CSE_6B_B1 contains 1 courses
2025-04-11 17:00:05,882 - INFO - Elective group CSE_6B_B2 contains 1 courses
2025-04-11 17:00:05,882 - INFO - Elective group CSE_6B_B3 contains 1 courses
2025-04-11 17:00:05,882 - INFO - Elective group DSAI_2A_B1 contains 1 courses
2025-04-11 17:00:05,882 - INFO - Elective group DSAI_2A_B2 contains 1 courses
2025-04-11 17:00:05,882 - INFO - Elective group DSAI_6A_B1 contains 1 courses
2025-04-11 17:00:05,882 - INFO - Elective group DSAI_6A_B2 contains 1 courses
2025-04-11 17:00:05,882 - INFO - Elective group ECE_2A_B1 contains 1 courses
2025-04-11 17:00:05,883 - INFO - Elective group ECE_2A_B2 contains 1 courses
2025-04-11 17:00:05,883 - INFO - Elective group ECE_6A_B1 contains 1 courses
2025-04-11 17:00:05,883 - INFO - Elective group ECE_6A_B2 contains 1 courses
2025-04-11 17:00:05,883 - INFO - Elective group ECE_6A_B3 contains 1 courses
2025-04-11 17:00:05,883 - INFO - Found 3 departments to process
2025-04-11 17:00:05,884 - INFO - Processing department: CSE with 7 semester groups
2025-04-11 17:00:05,888 - INFO - Processing CSE semester 2A with 7 courses
2025-04-11 17:00:05,888 - INFO - Scheduled lunch break on Monday at 13:30-14:30
2025-04-11 17:00:05,889 - INFO - Scheduled lunch break on Tuesday at 13:30-14:30
2025-04-11 17:00:05,889 - INFO - Scheduled lunch break on Wednesday at 13:30-14:30
2025-04-11 17:00:05,889 - INFO - Scheduled lunch break on Thursday at 13:00-14:00
2025-04-11 17:00:05,889 - INFO - Scheduled lunch break on Friday at 13:00-14:00
2025-04-11 17:00:05,892 - INFO - Found 2 elective courses for CSE semester 2A
2025-04-11 17:00:05,894 - INFO - Assigned elective slot for group CSE_2A_B1 LEC 1: Monday 09:00
2025-04-11 17:00:05,895 - INFO - Assigned elective slot for group CSE_2A_B1 LEC 2: Tuesday 09:00
2025-04-11 17:00:05,895 - INFO - Assigned elective slot for group CSE_2A_B1 TUT 1: Wednesday 09:00
2025-04-11 17:00:05,896 - INFO - Assigned elective slot for group CSE_2A_B2 LEC 1: Thursday 09:00
2025-04-11 17:00:05,896 - INFO - Assigned elective slot for group CSE_2A_B2 LEC 2: Friday 09:00
2025-04-11 17:00:05,896 - INFO - Assigned elective slot for group CSE_2A_B2 TUT 1: Wednesday 11:00
2025-04-11 17:03:02,403 - INFO - Generated 19 time slots from 09:00:00 to 18:30:00
2025-04-11 17:03:02,444 - INFO - Successfully loaded data from combined.xlsx
2025-04-11 17:03:02,449 - INFO - Generated course code EC2ALA for Linear Algebra
2025-04-11 17:03:02,450 - INFO - Generated course code EC2AO for Optimization
2025-04-11 17:03:02,451 - INFO - Generated course code EC2ACA for Computer Architecture
2025-04-11 17:03:02,451 - INFO - Generated course code EC2AELA for English Language and Communication
2025-04-11 17:03:02,453 - INFO - Generated course code EC2ADSA for Data Structures and Algorithms
2025-04-11 17:03:02,453 - INFO - Generated course code EC2ANA for Network Analysis
2025-04-11 17:03:02,456 - INFO - Assigned temporary classroom TBD_DSAI_2A for Optimization
2025-04-11 17:03:02,457 - INFO - Assigned temporary classroom TBD_DSAI_2A for Computer Architecture
2025-04-11 17:03:02,459 - INFO - Assigned temporary classroom TBD_DSAI_2A for Introduction to Digital VLSI Design/Photography101/Linux for Engineers/Data Science with Python/Introduction to Holistic Personality Development
2025-04-11 17:03:02,461 - INFO - Assigned temporary classroom TBD_ECE_2A for Optimization
2025-04-11 17:03:02,461 - INFO - Assigned temporary classroom TBD_ECE_2A for Computer Architecture
2025-04-11 17:03:02,462 - INFO - Assigned temporary classroom TBD_ECE_2A for Introduction to Digital VLSI Design/Photography101/Linux for Engineers/Data Science with Python/Introduction to Holistic Personality Development
2025-04-11 17:03:02,470 - INFO - Elective group CSE_2A_B1 contains 1 courses
2025-04-11 17:03:02,471 - INFO - Elective group CSE_2A_B2 contains 1 courses
2025-04-11 17:03:02,472 - INFO - Elective group CSE_2B_B1 contains 1 courses
2025-04-11 17:03:02,472 - INFO - Elective group CSE_2B_B2 contains 1 courses
2025-04-11 17:03:02,473 - INFO - Elective group CSE_6A_B1 contains 1 courses
2025-04-11 17:03:02,473 - INFO - Elective group CSE_6A_B2 contains 1 courses
2025-04-11 17:03:02,474 - INFO - Elective group CSE_6A_B3 contains 1 courses
2025-04-11 17:03:02,474 - INFO - Elective group CSE_6B_B1 contains 1 courses
2025-04-11 17:03:02,474 - INFO - Elective group CSE_6B_B2 contains 1 courses
2025-04-11 17:03:02,474 - INFO - Elective group CSE_6B_B3 contains 1 courses
2025-04-11 17:03:02,475 - INFO - Elective group DSAI_2A_B1 contains 1 courses
2025-04-11 17:03:02,475 - INFO - Elective group DSAI_2A_B2 contains 1 courses
2025-04-11 17:03:02,475 - INFO - Elective group DSAI_6A_B1 contains 1 courses
2025-04-11 17:03:02,475 - INFO - Elective group DSAI_6A_B2 contains 1 courses
2025-04-11 17:03:02,475 - INFO - Elective group ECE_2A_B1 contains 1 courses
2025-04-11 17:03:02,476 - INFO - Elective group ECE_2A_B2 contains 1 courses
2025-04-11 17:03:02,476 - INFO - Elective group ECE_6A_B1 contains 1 courses
2025-04-11 17:03:02,476 - INFO - Elective group ECE_6A_B2 contains 1 courses
2025-04-11 17:03:02,476 - INFO - Elective group ECE_6A_B3 contains 1 courses
2025-04-11 17:03:02,478 - INFO - Found 3 departments to process
2025-04-11 17:03:02,479 - INFO - Processing department: CSE with 7 semester groups
2025-04-11 17:03:02,481 - INFO - Processing CSE semester 2A with 7 courses
2025-04-11 17:03:02,482 - INFO - Scheduled lunch break on Monday at 13:30-14:30
2025-04-11 17:03:02,482 - INFO - Scheduled lunch break on Tuesday at 13:00-14:00
2025-04-11 17:03:02,483 - INFO - Scheduled lunch break on Wednesday at 13:00-14:00
2025-04-11 17:03:02,483 - INFO - Scheduled lunch break on Thursday at 13:30-14:30
2025-04-11 17:03:02,483 - INFO - Scheduled lunch break on Friday at 12:30-13:30
2025-04-11 17:03:02,484 - INFO - Found 2 elective courses for CSE semester 2A
2025-04-11 17:03:02,485 - INFO - Assigned elective slot for group CSE_2A_B1 LEC 1: Monday 09:00
2025-04-11 17:03:02,485 - INFO - Assigned elective slot for group CSE_2A_B1 LEC 2: Tuesday 09:00
2025-04-11 17:03:02,486 - INFO - Assigned elective slot for group CSE_2A_B2 LEC 1: Wednesday 09:00
2025-04-11 17:03:02,487 - INFO - Assigned elective slot for group CSE_2A_B2 LEC 2: Thursday 09:00
2025-04-11 20:54:43,331 - INFO - Generated 19 time slots from 09:00:00 to 18:30:00
2025-04-11 20:54:43,397 - INFO - Successfully loaded data from combined.xlsx
2025-04-11 20:54:43,397 - INFO - Generated course code EC2ALA for Linear Algebra
2025-04-11 20:54:43,397 - INFO - Generated course code EC2AO for Optimization
2025-04-11 20:54:43,405 - INFO - Generated course code EC2ACA for Computer Architecture
2025-04-11 20:54:43,406 - INFO - Generated course code EC2AELA for English Language and Communication
2025-04-11 20:54:43,407 - INFO - Generated course code EC2ADSA for Data Structures and Algorithms
2025-04-11 20:54:43,407 - INFO - Generated course code EC2ANA for Network Analysis
2025-04-11 20:54:43,407 - INFO - Assigned temporary classroom TBD_DSAI_2A for Optimization
2025-04-11 20:54:43,407 - INFO - Assigned temporary classroom TBD_DSAI_2A for Computer Architecture
2025-04-11 20:54:43,407 - INFO - Assigned temporary classroom TBD_DSAI_2A for Introduction to Digital VLSI Design/Photography101/Linux for Engineers/Data Science with Python/Introduction to Holistic Personality Development
2025-04-11 20:54:43,413 - INFO - Assigned temporary classroom TBD_ECE_2A for Optimization
2025-04-11 20:54:43,413 - INFO - Assigned temporary classroom TBD_ECE_2A for Computer Architecture
2025-04-11 20:54:43,413 - INFO - Assigned temporary classroom TBD_ECE_2A for Introduction to Digital VLSI Design/Photography101/Linux for Engineers/Data Science with Python/Introduction to Holistic Personality Development
2025-04-11 20:54:43,435 - INFO - Found 3 departments to process
2025-04-11 20:54:43,435 - INFO - Found 22 elective courses in 4 groups
2025-04-11 20:54:43,435 - INFO - Elective group B1 has 8 courses
2025-04-11 20:54:43,438 - INFO - Elective group B2 has 8 courses
2025-04-11 20:54:43,438 - INFO - Elective group B3 has 3 courses
2025-04-11 20:54:43,438 - INFO - Elective group B4 has 3 courses
2025-04-11 20:54:43,438 - INFO - Processing department: CSE with 7 semester groups
2025-04-11 20:54:43,438 - INFO - Processing CSE semester 2A with 7 courses
2025-04-11 20:54:43,438 - INFO - Scheduled lunch break on Monday at 13:00-14:00
2025-04-11 20:54:43,438 - INFO - Scheduled lunch break on Tuesday at 12:30-13:30
2025-04-11 20:54:43,438 - INFO - Scheduled lunch break on Wednesday at 13:00-14:00
2025-04-11 20:54:43,438 - INFO - Scheduled lunch break on Thursday at 13:30-14:30
2025-04-11 20:54:43,438 - INFO - Scheduled lunch break on Friday at 13:00-14:00
2025-04-11 20:54:43,438 - INFO - Found 2 elective courses in CSE semester 2A
2025-04-11 20:54:43,446 - INFO - First course of elective group B1 scheduled: B1
2025-04-11 20:54:43,446 - ERROR - Error during timetable generation: 'LEC 2'
Traceback (most recent call last):
  File "c:\Users\darab\OneDrive\Documents\time_table_automation\1.2\final_files\timetable_generator_000.py", line 917, in <module>
    output_file = generate_all_timetables()
                  ^^^^^^^^^^^^^^^^^^^^^^^^^
  File "c:\Users\darab\OneDrive\Documents\time_table_automation\1.2\final_files\timetable_generator_000.py", line 668, in generate_all_timetables
    lectures_scheduled, lectures_failed = handle_lectures(
                                          ^^^^^^^^^^^^^^^^
  File "c:\Users\darab\OneDrive\Documents\time_table_automation\1.2\final_files\timetable_generator_000.py", line 335, in handle_lectures
    lec_scheduled = schedule_session(
                    ^^^^^^^^^^^^^^^^^
  File "c:\Users\darab\OneDrive\Documents\time_table_automation\1.2\final_files\timetable_generator_000.py", line 247, in schedule_session
    day, start_slot = elective_schedule[elective_group][session_type]
                      ~~~~~~~~~~~~~~~~~~~~~~~~~~~~~~~~~^^^^^^^^^^^^^^
KeyError: 'LEC 2'
2025-04-14 11:16:51,698 - INFO - Successfully loaded data from combined.xlsx
2025-04-14 11:16:51,747 - INFO - Scheduled lunch on Monday at 12:30-13:30
2025-04-14 11:16:51,753 - INFO - Scheduled lunch on Tuesday at 12:30-13:30
2025-04-14 11:16:51,754 - INFO - Scheduled lunch on Wednesday at 13:30-14:30
2025-04-14 11:16:51,754 - INFO - Scheduled lunch on Thursday at 12:30-13:30
2025-04-14 11:16:51,754 - INFO - Scheduled lunch on Friday at 13:30-14:30
2025-04-14 11:16:51,754 - INFO - Scheduled lunch on Monday at 12:30-13:30
2025-04-14 11:16:51,754 - INFO - Scheduled lunch on Tuesday at 13:30-14:30
2025-04-14 11:16:51,754 - INFO - Scheduled lunch on Wednesday at 12:30-13:30
2025-04-14 11:16:51,754 - INFO - Scheduled lunch on Thursday at 12:30-13:30
2025-04-14 11:16:51,754 - INFO - Scheduled lunch on Friday at 13:30-14:30
2025-04-14 11:16:51,754 - INFO - Scheduled lunch on Monday at 13:30-14:30
2025-04-14 11:16:51,754 - INFO - Scheduled lunch on Tuesday at 13:00-14:00
2025-04-14 11:16:51,754 - INFO - Scheduled lunch on Wednesday at 13:00-14:00
2025-04-14 11:16:51,754 - INFO - Scheduled lunch on Thursday at 13:30-14:30
2025-04-14 11:16:51,759 - INFO - Scheduled lunch on Friday at 13:30-14:30
2025-04-14 11:16:51,759 - INFO - Scheduled lunch on Monday at 12:30-13:30
2025-04-14 11:16:51,759 - INFO - Scheduled lunch on Tuesday at 13:30-14:30
2025-04-14 11:16:51,761 - INFO - Scheduled lunch on Wednesday at 13:00-14:00
2025-04-14 11:16:51,761 - INFO - Scheduled lunch on Thursday at 12:30-13:30
2025-04-14 11:16:51,762 - INFO - Scheduled lunch on Friday at 13:30-14:30
2025-04-14 11:16:51,762 - INFO - Scheduled lunch on Monday at 13:30-14:30
2025-04-14 11:16:51,763 - INFO - Scheduled lunch on Tuesday at 13:00-14:00
2025-04-14 11:16:51,763 - INFO - Scheduled lunch on Wednesday at 12:30-13:30
2025-04-14 11:16:51,763 - INFO - Scheduled lunch on Thursday at 13:30-14:30
2025-04-14 11:16:51,763 - INFO - Scheduled lunch on Friday at 13:30-14:30
2025-04-14 11:16:51,763 - INFO - Scheduled lunch on Monday at 13:30-14:30
2025-04-14 11:16:51,763 - INFO - Scheduled lunch on Tuesday at 12:30-13:30
2025-04-14 11:16:51,763 - INFO - Scheduled lunch on Wednesday at 13:00-14:00
2025-04-14 11:16:51,767 - INFO - Scheduled lunch on Thursday at 13:30-14:30
2025-04-14 11:16:51,767 - INFO - Scheduled lunch on Friday at 13:30-14:30
2025-04-14 11:16:51,767 - INFO - Scheduled lunch on Monday at 13:30-14:30
2025-04-14 11:16:51,767 - INFO - Scheduled lunch on Tuesday at 13:00-14:00
2025-04-14 11:16:51,769 - INFO - Scheduled lunch on Wednesday at 13:30-14:30
2025-04-14 11:16:51,770 - INFO - Scheduled lunch on Thursday at 13:30-14:30
2025-04-14 11:16:51,771 - INFO - Scheduled lunch on Friday at 12:30-13:30
2025-04-14 11:16:51,771 - INFO - Scheduled lunch on Monday at 13:00-14:00
2025-04-14 11:16:51,771 - INFO - Scheduled lunch on Tuesday at 13:30-14:30
2025-04-14 11:16:51,771 - INFO - Scheduled lunch on Wednesday at 13:30-14:30
2025-04-14 11:16:51,771 - INFO - Scheduled lunch on Thursday at 13:30-14:30
2025-04-14 11:16:51,771 - INFO - Scheduled lunch on Friday at 13:00-14:00
2025-04-14 11:16:51,771 - INFO - Scheduled lunch on Monday at 12:30-13:30
2025-04-14 11:16:51,775 - INFO - Scheduled lunch on Tuesday at 12:30-13:30
2025-04-14 11:16:51,775 - INFO - Scheduled lunch on Wednesday at 13:00-14:00
2025-04-14 11:16:51,776 - INFO - Scheduled lunch on Thursday at 13:00-14:00
2025-04-14 11:16:51,777 - INFO - Scheduled lunch on Friday at 12:30-13:30
2025-04-14 11:16:51,777 - INFO - Scheduled lunch on Monday at 12:30-13:30
2025-04-14 11:16:51,778 - INFO - Scheduled lunch on Tuesday at 13:00-14:00
2025-04-14 11:16:51,778 - INFO - Scheduled lunch on Wednesday at 12:30-13:30
2025-04-14 11:16:51,778 - INFO - Scheduled lunch on Thursday at 13:00-14:00
2025-04-14 11:16:51,778 - INFO - Scheduled lunch on Friday at 13:00-14:00
2025-04-14 11:16:51,780 - INFO - Scheduled lunch on Monday at 13:30-14:30
2025-04-14 11:16:51,780 - INFO - Scheduled lunch on Tuesday at 13:00-14:00
2025-04-14 11:16:51,780 - INFO - Scheduled lunch on Wednesday at 13:00-14:00
2025-04-14 11:16:51,782 - INFO - Scheduled lunch on Thursday at 13:30-14:30
2025-04-14 11:16:51,782 - INFO - Scheduled lunch on Friday at 12:30-13:30
2025-04-14 11:16:51,782 - INFO - Scheduled lunch on Monday at 13:30-14:30
2025-04-14 11:16:51,782 - INFO - Scheduled lunch on Tuesday at 12:30-13:30
2025-04-14 11:16:51,782 - INFO - Scheduled lunch on Wednesday at 12:30-13:30
2025-04-14 11:16:51,782 - INFO - Scheduled lunch on Thursday at 13:30-14:30
2025-04-14 11:16:51,784 - INFO - Scheduled lunch on Friday at 12:30-13:30
2025-04-14 11:16:51,785 - INFO - Scheduled lunch on Monday at 12:30-13:30
2025-04-14 11:16:51,785 - INFO - Scheduled lunch on Tuesday at 13:00-14:00
2025-04-14 11:16:51,785 - INFO - Scheduled lunch on Wednesday at 13:30-14:30
2025-04-14 11:16:51,785 - INFO - Scheduled lunch on Thursday at 13:30-14:30
2025-04-14 11:16:51,785 - INFO - Scheduled lunch on Friday at 13:30-14:30
2025-04-14 11:16:51,785 - INFO - Scheduled lunch on Monday at 12:30-13:30
2025-04-14 11:16:51,785 - INFO - Scheduled lunch on Tuesday at 13:00-14:00
2025-04-14 11:16:51,785 - INFO - Scheduled lunch on Wednesday at 12:30-13:30
2025-04-14 11:16:51,785 - INFO - Scheduled lunch on Thursday at 12:30-13:30
2025-04-14 11:16:51,785 - INFO - Scheduled lunch on Friday at 13:00-14:00
2025-04-14 11:16:52,105 - INFO - Timetables saved to timetables_no_electives.xlsx
